ONTOLOGY	ID	Description	setSize	enrichmentScore	NES	pvalue	p.adjust	qvalue	rank	leading_edge	core_enrichment
MF	GO:0003735	structural constituent of ribosome	165	-0.681717212087597	-2.92072166293022	1e-10	2.16324324324324e-08	2.02162162162162e-08	3239	tags=58%, list=16%, signal=50%	Rpl28/Mrpl34/Rps4x/Mrpl24/Mrpl51/Rpl30/Rpl22/Mrpl55/Rpl7a/Rpl23a/Mrpl52/Mrpl49/Mrps15/Ndufa7/Imp3/Rpl17/Rpl36al/Rpl7/Rps3a1/Rpl6/Rps27a/Rpl8/Dap3/mt-Rnr1/Rps26/Rps15a/Rpl27a/Mrps25/Mrps6/Rpl15/mt-Rnr2/Rpl37rt/Mrpl36/Mrpl23/Rpl41/Rpl21/Rps6-ps4/Rpl32/Rps12/Rpl10a/Rps2/Mrpl57/Rpl13-ps6/Rpl18/Rpl29/Fau/Rpl6l/Rps21/Rpl39/Mrps21/Rps5/Mrpl54/Rps9/Rps17/Rpl34/Rps24/Rps14/Rps19/Rps16/Rpl34-ps1/Rpl31/Uba52rt/Rpl11/Rps11/Rps15/Rps25/Rpl18a/Rpl37/Rpl24/Mrpl13/Rpl35a/Rpl38/Rpl26/Rps10/Rps8/Rpl36/Rpl36a/Uba52/Rpl23/Rpl13a/Rpl35rt/Rps20/Rpl13/Rpl14/Rplp2/Rps6/Mrpl15/Rps18/Rps28/Rplp1/Rpl35/Rpl37a/Rps23/Rpsa/Rpl12/Rpl22l1
BP	GO:0140241	translation at synapse	48	-0.813958962872851	-2.91684255059884	1e-10	2.16324324324324e-08	2.02162162162162e-08	2825	tags=83%, list=14%, signal=72%	Rpl22/Rpl7a/Rpl23a/Rpl17/Rpl7/Rpl6/Rps27a/Rpl8/Rps26/Rps15a/Rpl27a/Rpl15/Rpl32/Rps12/Rpl10a/Rpl29/Rps5/Rpl34/Rps24/Rps14/Rps16/Rps11/Rpl37/Rpl24/Rpl35a/Rpl38/Rpl26/Rps10/Rpl36/Rpl36a/Uba52/Rpl23/Rpl13a/Rpl13/Rpl14/Rplp2/Rps28/Rpl35/Rpl37a/Rpl12
CC	GO:0098803	respiratory chain complex	90	-0.736466719955116	-2.88690486702468	1e-10	2.16324324324324e-08	2.02162162162162e-08	3739	tags=73%, list=18%, signal=60%	Ndufs8/CYTB/Ndufs3/Uqcrfs1/Sdhc/Cox4i2/Ndufv3/Ndufa4/Cox6c2/Ndufab1-ps/ND6/Ndufa9/Ndufa7/Ndufb2/Dmac1/Cox7a1/ND1/Ndufb8/Sdhb/COX3/Cox8a/Ndufa1/Cox5a/COX2/Ndufb1/Ndufa3/Ndufb11/Coa6/Uqcc3/AA467197/Ndufs6/Cox7c/Ndufa6/Ndufb6/Ndufb9/Ndufc2/Cox6a1/Uqcrb/Cox7b/Cox4i1/Ndufs4/Ndufa10/Ndufb7/Ndufab1/Ndufa2/Ndufs5/Ndufb3/Ndufa13/ND3/Cox6c/Ndufb10/Uqcrq/Ndufb5/Ndufa8/Cox7a2/Uqcrh/Ndufv2/Ndufs7/Cox6b1/Ndufc1/Ndufa11/Cox5b/Ndufa12/Uqcr11/Uqcr10/Ndufa5
BP	GO:0015986	proton motive force-driven ATP synthesis	70	-0.762966072834513	-2.87896406676232	1e-10	2.16324324324324e-08	2.02162162162162e-08	3902	tags=74%, list=19%, signal=61%	Atp5f1c/Ndufs8/Ndufs3/Atp5pb/Sdhc/Ndufv3/ATP6/ND6/Ndufa9/Ndufa7/Ndufb2/ND1/Ndufb8/Sdhb/Ndufa1/Atp6-ps/Atp5mc3/Ndufb1/Ndufa3/Atp5pf/Ndufb11/Atp5f1d/Ndufs6/Ndufa6/Ndufb6/Ndufb9/Antkmt/Ndufc2/Atp5me/Ndufs4/Ndufa10/Ndufb7/Ndufab1/Atp5po/Ndufa2/Ndufs5/Ndufb3/Ndufa13/ND3/Ndufb10/Ndufb5/Ndufa8/Atp5pd/Atp5f1e/Ndufv2/Ndufs7/Ndufc1/Ndufa11/Ndufa12/Atp5mf/Ndufa5/Atp5mc1
CC	GO:0098800	inner mitochondrial membrane protein complex	149	-0.680486771903998	-2.86618738620924	1e-10	2.16324324324324e-08	2.02162162162162e-08	3614	tags=62%, list=17%, signal=51%	CYTB/Ndufs3/Atp5pb/Timm10b/Uqcrfs1/Sdhc/Atp5mk/Cox4i2/Phb2/Timm10/Ndufv3/ATP6/Ndufa4/Cox6c2/Ndufab1-ps/ND6/Ndufa9/Ndufa7/Ndufb2/Dmac1/Cox7a1/ND1/Ndufb8/Sdhb/COX3/Cox8a/Ndufa1/Chchd10/Atp6-ps/Atp5mc3/Cox5a/COX2/Ndufb1/Ndufa3/Atp5pf/Ndufb11/Atp5f1d/Uqcc3/Immp2l/AA467197/Ndufs6/Cox7c/Pam16l/Ndufa6/Smdt1/Ndufb6/Ndufb9/Ndufc2/Cox6a1/Atp5me/Uqcrb/Cox7b/Micos10/Cox4i1/Ndufs4/Ndufa10/Ndufb7/Timm50/Atp5mj/Ndufab1/Atp5po/Ndufa2/Ndufs5/Dnajc15/Ndufb3/Phb1/Dnajc19/Ndufa13/ND3/Cox6c/Ndufb10/Chchd3/Uqcrq/Ndufb5/Ndufa8/Cox7a2/Atp5pd/Uqcrh/Atp5f1e/Ndufv2/Romo1/Ndufs7/Cox6b1/Ndufc1/Ndufa11/Cox5b/Ndufa12/Atp5mf/Uqcr11/Uqcr10/Ndufa5/Atp5mc1
BP	GO:0006119	oxidative phosphorylation	140	-0.685974045261464	-2.86026470270353	1e-10	2.16324324324324e-08	2.02162162162162e-08	2268	tags=63%, list=11%, signal=56%	Atp5f1c/Ccnb1-ps/Ndufs8/CYTB/Ndufs3/Afg1l/Atp5pb/Uqcrfs1/Sdhc/Cox4i2/Ndufv3/ATP6/ND6/Ndufa9/Ndufa7/Park7/Ndufb2/Cox7a1/ND1/Ndufb8/Sdhb/Uqcc2/COX3/Cox8a/Ndufa1/Gadd45gip1/Chchd10/Atp6-ps/Cox5a/COX2/Ndufb1/Ndufa3/Atp5pf/Fxn/Ndufb11/Atp5f1d/Coa6/Uqcc3/Ndufs6/Cox7c/Ndufa6/Ndufb6/Ndufb9/Antkmt/Apoc3/Ndufc2/Cox6a1/Atp5me/Uqcrb/Cox7b/Cox4i1/Ndufs4/Ndufa10/Ndufb7/Mtch2/Ndufab1/Tmem135/Atp5po/Ndufa2/Ndufs5/Dnajc15/Ndufb3/Ppif/Ndufa13/Coq7/ND3/Ndufb10/Uqcrq/Ndufb5/Mlxipl/Ndufa8/Cox7a2/Atp5pd/Uqcrh/Atp5f1e/Ndufv2/Ndufs7/Ndufc1/Ndufa11/Cox5b/Ndufa12/Atp5mf/Ccnb1/Uqcr11/Uqcr10/Ndufa5/Cycs/Cdk1
CC	GO:0022626	cytosolic ribosome	126	-0.686709881162946	-2.82572175092852	1e-10	2.16324324324324e-08	2.02162162162162e-08	2828	tags=60%, list=14%, signal=52%	Rpl30/Rpl22/Rpl7a/Rpl23a/Eif2ak4/Rpl17/Rpl36al/Rpl7/Rps3a1/Rpl6/Rps27a/Rpl8/Rps26/Rps15a/Rpl27a/Rpl10-ps3/Rpl15/Rpl37rt/Rpl41/Rpl21/Rps6-ps4/Rpl32/Rps12/Rpl10a/Rps2/Rpl13-ps6/Rpl18/Rpl29/Fau/Rpl6l/Rps21/Rpl39/Rps5/Rps9/Rps17/Rpl34/Rps24/Rps14/Rps19/Rps16/Rpl34-ps1/Rpl31/Uba52rt/Rpl11/Rps11/Rps15/Rps25/Rpl18a/Rpl37/Rpl24/Rpl35a/Rpl38/Rpl26/Rps10/Rps8/Rpl36/Rpl36a/Uba52/Rpl23/Rpl13a/Rpl35rt/Rps20/Rpl13/Rpl14/Rplp2/Rps6/Rps18/Rps28/Rpl36a-ps1/Rplp1/Rpl35/Repin1/Rpl37a/Rps23/Rpsa/Rpl12
CC	GO:0022625	cytosolic large ribosomal subunit	66	-0.749738362869397	-2.80372947072405	1e-10	2.16324324324324e-08	2.02162162162162e-08	2828	tags=73%, list=14%, signal=63%	Rpl30/Rpl22/Rpl7a/Rpl23a/Rpl17/Rpl36al/Rpl7/Rpl6/Rpl8/Rpl27a/Rpl10-ps3/Rpl15/Rpl37rt/Rpl41/Rpl21/Rpl32/Rps12/Rpl10a/Rpl13-ps6/Rpl18/Rpl29/Rpl6l/Rpl39/Rpl34/Rpl34-ps1/Rpl31/Uba52rt/Rpl11/Rpl18a/Rpl37/Rpl24/Rpl35a/Rpl38/Rpl26/Rpl36/Rpl36a/Uba52/Rpl23/Rpl13a/Rpl35rt/Rpl13/Rpl14/Rplp2/Rpl36a-ps1/Rplp1/Rpl35/Rpl37a/Rpl12
CC	GO:0005747	mitochondrial respiratory chain complex I	51	-0.745491273251779	-2.68162076816308	1e-10	2.16324324324324e-08	2.02162162162162e-08	2999	tags=73%, list=14%, signal=62%	Ndufv3/Ndufa4/Ndufab1-ps/ND6/Ndufa9/Ndufa7/Ndufb2/Dmac1/ND1/Ndufb8/Ndufa1/Ndufb1/Ndufa3/Ndufb11/Ndufs6/Ndufa6/Ndufb6/Ndufb9/Ndufc2/Ndufs4/Ndufa10/Ndufb7/Ndufab1/Ndufa2/Ndufs5/Ndufb3/Ndufa13/ND3/Ndufb10/Ndufb5/Ndufa8/Ndufv2/Ndufs7/Ndufc1/Ndufa11/Ndufa12/Ndufa5
BP	GO:0042773	ATP synthesis coupled electron transport	76	-0.699445964451212	-2.67174258620486	1e-10	2.16324324324324e-08	2.02162162162162e-08	3864	tags=64%, list=19%, signal=53%	Ccnb1-ps/Ndufs8/CYTB/Ndufs3/Afg1l/Uqcrfs1/Sdhc/Cox4i2/Ndufv3/ND6/Ndufa7/Park7/Cox7a1/ND1/Ndufb8/Sdhb/COX3/Cox8a/Cox5a/COX2/Coa6/Uqcc3/Ndufs6/Cox7c/Ndufb6/Ndufb9/Ndufc2/Cox6a1/Uqcrb/Cox7b/Cox4i1/Ndufa10/Mtch2/Dnajc15/Coq7/ND3/Uqcrq/Ndufa8/Cox7a2/Uqcrh/Ndufv2/Ndufs7/Cox5b/Ndufa12/Ccnb1/Uqcr11/Uqcr10/Cycs/Cdk1
BP	GO:0002181	cytoplasmic translation	142	-0.638330231465156	-2.66993318713269	1e-10	2.16324324324324e-08	2.02162162162162e-08	3239	tags=54%, list=16%, signal=46%	Rpl28/Rps4x/Hnrnpu/Ncbp2/Mettl3/Rpl30/Rpl22/Rpl7a/Rpl23a/Eif2ak4/Rpl17/Rpl36al/Rpl7/Rps3a1/Rpl6/Rps27a/Rpl8/Rps26/Rps15a/Rpl27a/Hnrnpd/Rpl15/Rpl41/Rpl21/Rps6-ps4/Rpl32/Rps12/Rpl10a/Rps2/Rpl18/Rpl29/Fau/Rpl6l/Rps21/Rpl39/Rps5/Rps9/Unk/Rps17/Rpl34/Rps24/Rps14/Rps19/Rps16/Rpl31/Rpl11/Rps11/Rps15/Rps25/Rpl18a/Rpl24/Rpl35a/Rpl38/Rpl26/Rps10/Rps8/Rpl36/Rpl36a/Parp16/Uba52/Rpl23/Rpl13a/Rps20/Rpl13/Rpl14/Rplp2/Rps6/Rps18/Rps28/Rplp1/Cpeb1/Rpl37a/Rps23/Rpsa/Rpl12/Rpl22l1
CC	GO:0022627	cytosolic small ribosomal subunit	44	-0.740754972007195	-2.59858614932224	1e-10	2.16324324324324e-08	2.02162162162162e-08	1977	tags=64%, list=9%, signal=58%	Rps3a1/Rps27a/Rps26/Rps15a/Rps6-ps4/Rps12/Rps2/Fau/Rps21/Rps5/Rps9/Rps17/Rps24/Rps14/Rps19/Rps16/Rps11/Rps15/Rps25/Rps10/Rps8/Uba52/Rps20/Rps6/Rps18/Rps28/Rps23/Rpsa
CC	GO:0015934	large ribosomal subunit	124	-0.617348315600761	-2.53875303536469	1e-10	2.16324324324324e-08	2.02162162162162e-08	4645	tags=61%, list=22%, signal=48%	Rpl3/Mrpl30/Nhp2/Mrpl58/Mrpl53/Mrpl20/Rpl7l1/Rplp0/Npm1/Rpl10/Mrpl21/Mrpl42/Mrpl12/Rpl28/Mrpl34/Mrpl24/Mrpl51/Rpl30/Rpl22/Mrpl55/Rpl7a/Rpl23a/Mrpl52/Mrpl49/Rpl17/Rpl36al/Rpl7/Rpl6/Gadd45gip1/Rpl8/Rpl27a/Rpl10-ps3/Rpl15/mt-Rnr2/Rpl37rt/Mrpl36/Mrpl23/Rpl41/Rpl21/Rpl32/Rps12/Rpl10a/Mrpl57/Rpl13-ps6/Rpl18/Rpl29/Rpl6l/Rpl39/Mrpl54/Rpl34/Rpl34-ps1/Rpl31/Uba52rt/Rpl11/Rpl18a/Rpl37/Rpl24/Mrpl13/Rpl35a/Rpl38/Rpl26/Rpl36/Rpl36a/Uba52/Rpl23/Rpl13a/Rpl35rt/Rpl13/Rpl14/Rplp2/Mrpl15/Rpl36a-ps1/Rplp1/Rpl35/Rpl37a/Rpl12
CC	GO:0098798	mitochondrial protein-containing complex	296	-0.546159232315839	-2.50477750727639	1e-10	2.16324324324324e-08	2.02162162162162e-08	4593	tags=50%, list=22%, signal=40%	Mrpl30/Ndufa4l2/Mrps2/Mrps10/Mrpl58/Mrpl53/Mrpl20/Timm21/Tomm40l/Ndufs2/Mrps35/Hsd17b10/Immp1l/Vdac1/Samm50/Atp5f1c/Mrpl21/Mrpl42/Ndufs8/Timm8a1/CYTB/Ndufs3/Mrpl12/Slc25a31/Atp5pb/Timm10b/Tomm40/Uqcrfs1/Sdhc/Mrpl34/Dbt/Atp5mk/Cox4i2/Mrpl24/Phb2/Mrpl51/Timm10/Ndufv3/ATP6/Ndufa4/Cox6c2/Ndufab1-ps/ND6/Mrpl55/Ndufa9/Mrpl52/Mrpl49/Tomm22/Tomm7/Mrps15/Ndufa7/Ndufb2/Dmac1/Mtx1/Mrps33/Cox7a1/ND1/Ndufb8/Sdhb/COX3/Cox8a/Ndufa1/Gadd45gip1/Chchd10/Atp6-ps/Atp5mc3/Cox5a/Dap3/COX2/mt-Rnr1/Ndufb1/Ndufa3/Atp5pf/Fxn/Ndufb11/Atp5f1d/Mrps25/Uqcc3/Mrps6/Immp2l/mt-Rnr2/AA467197/Tomm5/Ndufs6/Cox7c/Bax/Pam16l/Ndufa6/Smdt1/Ndufb6/Mrpl36/Mrpl23/Timm13/Ndufb9/Ndufc2/Cox6a1/Mrpl57/Atp5me/Uqcrb/Cox7b/Micos10/Cox4i1/Ndufs4/Ndufa10/Mrps21/Ndufb7/Mrpl54/Aurkaip1/Timm50/Atp5mj/Ndufab1/Atp5po/Ndufa2/Ndufs5/Dnajc15/Ndufb3/Ppif/Phb1/Dnajc19/Ndufa13/ND3/Cox6c/Ndufb10/Chchd3/Tomm6/Uqcrq/Ndufb5/Ndufa8/Cox7a2/Atp5pd/Uqcrh/Mrps28/Atp5f1e/Mrpl13/Ndufv2/Romo1/Acacb/Ndufs7/Cox6b1/Ndufc1/Ndufa11/Cox5b/Ndufa12/Atp5mf/Mrpl15/Uqcr11/Uqcr10/Ndufa5/Atp5mc1
CC	GO:0015935	small ribosomal subunit	82	-0.643708320630102	-2.48643121870516	1e-10	2.16324324324324e-08	2.02162162162162e-08	2466	tags=50%, list=12%, signal=44%	Rps18-ps6/Mrps15/Imp3/Mrps33/Rps3a1/Rps27a/Dap3/mt-Rnr1/Rps26/Rps15a/Mrps25/Mrps6/Rps6-ps4/Rps12/Rps2/Fau/Rps21/Mrps21/Rps5/Aurkaip1/Rps9/Rps17/Rps24/Rps14/Rps19/Rps16/Rack1/Rps11/Mrps28/Rps15/Rps25/Rps10/Rps8/Rps18-ps5/Uba52/Rps20/Rps6/Rps18/Rps28/Rps23/Rpsa
BP	GO:0015980	energy derivation by oxidation of organic compounds	323	-0.423165893324483	-1.95312771871672	4.08034285337783e-10	8.59449057853582e-08	8.03183277454372e-08	4406	tags=38%, list=21%, signal=30%	Ppp1cc/Igf2/Nr4a3/Mdh2/Msh2/Ndufs2/C1qtnf2/Gnmt/Bloc1s1/Mtfr2/Il6st/Pomc/Atp5f1c/Ccnb1-ps/Ndufs8/1810024B03Rik/Gys1/CYTB/Ndufs3/Ppargc1a/Afg1l/Atp5pb/Gcgr/Uqcrfs1/Sdhc/Cox4i2/Ndufv3/ATP6/Sdhaf4/Phkg2/ND6/Ndufa9/Adcy10/Cavin3/Ndufa7/Park7/Ndufb2/Igf1/Acly/Prkag2/Cox7a1/ND1/Ndufb8/Sdhb/Uqcc2/COX3/Cox8a/Ndufa1/Gadd45gip1/Ppp1r3g/Chchd10/Mtln/Atp6-ps/Cox5a/COX2/Ndufb1/Ndufa3/Atp5pf/Fxn/Ndufb11/Atp5f1d/Cisd1/Coa6/Uqcc3/Immp2l/Ndufs6/Cox7c/Bax/Ndufa6/Phkb/Ndufb6/Ndufb9/Antkmt/Apoc3/Pgf/Ndufc2/Cox6a1/Atp5me/Uqcrb/Cox7b/Cox4i1/Ndufs4/Ndufa10/Ndufb7/Mtch2/Ndufab1/Tmem135/Atp5po/Ndufa2/Ndufs5/Dnajc15/Ndufb3/Ppif/Ndufa13/Coq7/Ptges3/ND3/Ndufb10/Uqcrq/Ndufb5/Mlxipl/Ndufa8/Cox7a2/Atp5pd/Uqcrh/Atp5f1e/Ndufv2/Adra1b/Ndufs7/Ndufc1/Ndufa11/Cox5b/Lepr/Ndufa12/Atp5mf/Ccnb1/Irs2/Uqcr11/Uqcr10/Ndufa5/Cycs/Cdk1
BP	GO:0000280	nuclear division	398	-0.401485724622802	-1.87304741933146	5.74465430565377e-10	1.1528338012381e-07	1.07736092369577e-07	4393	tags=34%, list=21%, signal=27%	Igf2/Ncapg2/Fancd2/Fzr1/Cep97/Map10/Asz1/Siah1a/L3mbtl1/Bag6/Mad2l1bp/Spire2/Lcmt1/Brme1/Cdk5rap2/Rad51d/Ccnb1-ps/Smc4/Mcmdc2/Sirt7/Prdm9/Brdt/Eme1/Nfia/Slc25a31/Fancm/Klhdc8b/Ncapd3/Mre11a/Msh4/Prickle1/Hnrnpu/Phb2/Mei4/Rgcc/Nme6/Cdc14a/Cenpi/Bub1b/Cdkn1b/Ago4/Hsf2bp/Kntc1/Smc2/Pdxp/Mlh3/Pcid2/Sgo1/Pdgfrb/Ripor2/Ccnb2/Kifc5b/Sgo2a/Bub1/Tex14/Igf1/Ncaph/Spc24/Nfib/Reep4/Camk2b/Bora/Mtbp/Ncapd2/Knl1/Spata22/Zscan21/Cenpk/Psrc1/Cenps/Septin1/Ska3/Chmp4c/Cenpe/Clasp1/Cdc16/Nek2/Kifc1/Banf1/Fgfr2/Kif18b/Spdl1/Esr1/Spag5/Kif22/Fanca/Chek1/Rad54b/Zwilch/Nuf2/Ube2s/Espl1/Rad51c/Rad51/Cdca5/Racgap1/Uhrf1/Rad51ap1/Aurkb/Mad2l1/Ccsap/Cdca8/Ncapg/Cntd1/Plcb1/Ska1/Aurka/Mad1l1/Chtf18/Ttk/Ankle1/Rpl24/Ndc80/Cks2/Nusap1/Kif2c/Incenp/Msh5/Cdca2/Fignl1/Ccnb1/Smpd3/Ube2c/Aspm/Plk1/Birc5/Cpeb1/Knstrn/Top2a/Cdk1/Mki67/Prc1/Tpx2/Cdc20/Eml4
CC	GO:1990204	oxidoreductase complex	117	-0.550800496111858	-2.25491333533056	1.03599917675799e-09	1.9284040490165e-07	1.80215670747669e-07	3739	tags=47%, list=18%, signal=39%	Ndufs8/Rrm1/CYTB/Ndufs3/Uqcrfs1/Sdhc/Dbt/Ndufv3/Ndufa4/Ndufab1-ps/ND6/Ndufa9/Ncf4/Hsd17b8/Ndufa7/Ndufb2/Dmac1/ND1/Ndufb8/Sdhb/Cyb5r3/Ndufa1/Ndufb1/Ndufa3/Ndufb11/Uqcc3/Ndufs6/Ndufa6/Ndufb6/Ndufb9/Ndufc2/Uqcrb/Ndufs4/Ndufa10/Ndufb7/Ndufab1/Ndufa2/Ndufs5/Ndufb3/Ndufa13/ND3/Ndufb10/Uqcrq/Ndufb5/Ndufa8/Uqcrh/Ndufv2/Ndufs7/Ndufc1/Ndufa11/Ndufa12/Uqcr11/Uqcr10/Ndufa5/Rrm2
BP	GO:0033108	mitochondrial respiratory chain complex assembly	98	-0.56595093456893	-2.25073002013145	1.28062836469726e-09	2.32957941614475e-07	2.17706821998535e-07	2907	tags=44%, list=14%, signal=38%	Sdhaf4/Ndufab1-ps/ND6/Ndufa9/Ndufb2/Dmac1/Cox14/Fastkd3/ND1/Ndufb8/Uqcc2/Coa3/Ndufa1/Ndufb1/Ndufa3/Ndufb11/Uqcc3/Immp2l/Cox17/Ndufs6/Tmem223/Ndufa6/Ndufb6/Ndufb9/Ndufc2/Cox20/Ndufs4/Ndufa10/Ndufb7/Ndufab1/Ndufa2/Ndufs5/Ndufb3/Ndufa13/Ndufb10/Ndufb5/Ndufa8/Ndufaf8/Ndufs7/Ndufc1/Ndufa11/Ndufa12/Ndufa5
BP	GO:0140014	mitotic nuclear division	252	-0.438428411589501	-1.97685133685701	2.74502375172491e-09	4.88248224640137e-07	4.56283948064496e-07	3152	tags=31%, list=15%, signal=27%	Prickle1/Hnrnpu/Phb2/Rgcc/Nme6/Cdc14a/Cenpi/Bub1b/Cdkn1b/Kntc1/Smc2/Pdxp/Pcid2/Pdgfrb/Ripor2/Kifc5b/Bub1/Tex14/Igf1/Ncaph/Spc24/Nfib/Reep4/Bora/Mtbp/Ncapd2/Knl1/Cenpk/Psrc1/Ska3/Chmp4c/Cenpe/Clasp1/Cdc16/Nek2/Kifc1/Banf1/Fgfr2/Kif18b/Spdl1/Esr1/Spag5/Kif22/Chek1/Zwilch/Nuf2/Ube2s/Espl1/Cdca5/Racgap1/Uhrf1/Aurkb/Mad2l1/Ccsap/Cdca8/Ncapg/Ska1/Aurka/Mad1l1/Ttk/Rpl24/Ndc80/Nusap1/Kif2c/Incenp/Cdca2/Ccnb1/Smpd3/Ube2c/Plk1/Birc5/Knstrn/Cdk1/Mki67/Prc1/Tpx2/Cdc20/Eml4
BP	GO:0000028	ribosomal small subunit assembly	20	-0.84094801320596	-2.47386657641433	3.84171061060307e-09	6.66392996699016e-07	6.2276606887914e-07	1611	tags=60%, list=8%, signal=55%	Rrp7a/mt-Rnr1/Rps6-ps4/Fau/Rps5/Rps14/Rps19/Rps15/Rps25/Rps6/Rps28/Rpsa
CC	GO:0070069	cytochrome complex	38	-0.724713371957804	-2.46706779752215	4.24663479281368e-09	7.08126351701681e-07	6.61767255213465e-07	3614	tags=68%, list=17%, signal=57%	CYTB/Uqcrfs1/Cox4i2/Ndufa4/Cox6c2/Cox7a1/COX3/Cox8a/Cox5a/COX2/Coa6/Uqcc3/AA467197/Cox7c/Cox6a1/Uqcrb/Cox7b/Cox4i1/Cox6c/Uqcrq/Cox7a2/Uqcrh/Cox6b1/Cox5b/Uqcr11/Uqcr10
BP	GO:0008608	attachment of spindle microtubules to kinetochore	50	-0.666276277859904	-2.39591515756331	1.11793226235748e-08	1.75449604468809e-06	1.63963398479097e-06	2479	tags=46%, list=12%, signal=41%	Sgo1/Tex14/Spc24/Knl1/Ska3/Cenpe/Nek2/Spag5/Pmf1/Nuf2/Racgap1/Aurkb/Cdca8/Ska1/Mad1l1/Ndc80/Kif2c/Incenp/Ccnb1/Birc5/Ect2/Knstrn/Eml4
BP	GO:0007059	chromosome segregation	392	-0.387306620372863	-1.80373739770142	2.8251946313499e-08	4.26657694892917e-06	3.98725581933911e-06	4267	tags=32%, list=20%, signal=26%	Cenpq/Actb/Cep97/Map10/Bag6/Arid2/Mad2l1bp/Lcmt1/Rgs14/Cdk5rap2/Ccnb1-ps/Mau2/Smc4/Mcmdc2/Sirt7/Prdm9/Smarcd3/Haus5/Fam83d/Tubgcp3/Cenpt/Haus4/Klhdc8b/Ncapd3/Mre11a/Msh4/Prickle1/Hnrnpu/Mei4/Haus8/Itgb3bp/Cenpi/Bub1b/Cenpu/Ago4/Kntc1/Smc2/Tubb1/Mlh3/Pcid2/Sgo1/Ripor2/Ccnb2/Kifc5b/Sgo2a/Bub1/Tex14/Ncaph/Spc24/Kif4/Bcl7c/Ncapd2/Knl1/Spata22/Mapre3/Hjurp/Cenpk/Psrc1/Cenps/Septin1/Ska3/Chmp4c/Cenpe/Clasp1/Cdc16/Nek2/Cdc6/Kifc1/Smc5/Kif18b/Haus1/Spdl1/Spag5/Kif22/Tacc3/Stil/Pmf1/Dlgap5/Zwilch/Nuf2/Espl1/Brca1/Tubb5/Cdca5/Racgap1/Uhrf1/Cenph/Aurkb/Mad2l1/Ccsap/Cdca8/Ncapg/Ska1/Aurka/Mad1l1/Diaph3/Ube2u/Chtf18/Cenpl/Ttk/Ndc80/Ccdc69/Nusap1/Kif2c/Incenp/Msh5/Cdca2/Ccnb1/Ube2c/Aspm/Plk1/Oip5/Birc5/Cenpf/Esco2/Cpeb1/Ect2/Knstrn/Top2a/Cdk1/Mki67/Prc1/Tpx2/Cdc20/Eml4
BP	GO:0000070	mitotic sister chromatid segregation	176	-0.46422682543457	-2.01056356824881	4.10748149085862e-08	6.0882003431171e-06	5.68962250955971e-06	3259	tags=32%, list=16%, signal=28%	Ncapd3/Prickle1/Hnrnpu/Cenpi/Bub1b/Kntc1/Smc2/Pcid2/Ripor2/Kifc5b/Bub1/Tex14/Ncaph/Spc24/Ncapd2/Knl1/Cenpk/Psrc1/Ska3/Chmp4c/Cenpe/Clasp1/Cdc16/Nek2/Kifc1/Kif18b/Spdl1/Spag5/Kif22/Zwilch/Nuf2/Espl1/Cdca5/Racgap1/Uhrf1/Aurkb/Mad2l1/Ccsap/Cdca8/Ncapg/Ska1/Mad1l1/Ttk/Ndc80/Nusap1/Kif2c/Incenp/Ccnb1/Ube2c/Plk1/Birc5/Knstrn/Cdk1/Prc1/Tpx2/Cdc20/Eml4
CC	GO:0072686	mitotic spindle	173	-0.467375461086217	-2.02333847584072	4.58084779739676e-08	6.60907096630331e-06	6.17639315691514e-06	3765	tags=34%, list=18%, signal=28%	Nudcd2/Limk2/Dynll1/Haus5/Fam83d/Haus4/Tada3/Spout1/Hnrnpu/Tubb4b/Cdc14a/Haus8/Trappc14/Tubb1/Tubb2b/Kifc5b/Ptpn7/Ngrn/Cxcr2/Mapre3/Ska3/Cenpe/Clasp1/Cdc16/Cdc6/Kifc1/Tubb2a/Kif18b/Iqcb1/Diaph1/Haus1/Spag5/Kif22/Tacc3/Dlgap5/Espl1/Tubb5/Racgap1/Aurkb/Mad2l1/Ccsap/Ttc28/Ska1/Aurka/Mad1l1/Tbck/Ckap2/Kif20b/Tubb6/Ckap2l/Nusap1/Aspm/Plk1/Ect2/Knstrn/Cdk1/Prc1/Tpx2/Eml4
BP	GO:0046034	ATP metabolic process	214	-0.438319884313891	-1.93522320915707	4.62403765758353e-08	6.60907096630331e-06	6.17639315691514e-06	4041	tags=36%, list=19%, signal=30%	Slc2a6/Sphk2/Atp5f1c/Tspo/Ndufs8/Pgk1/Abcc6/Pgam1/Ndufs3/Ppargc1a/Atp5pb/Sdhc/Ndufv3/ATP6/Aldoc/ND6/Atp6v1b2/Ndufa9/Adcy10/Ndufa7/Eno1/Gapdhrt/Ndufb2/Igf1/Prkag2/ND1/Dnm1l/Ndufb8/Sdhb/Ndufa1/Hk1/Atp6-ps/Atp5mc3/Ndufb1/Ndufa3/Atp5pf/Ndufb11/Atp5f1d/Uqcc3/Ndufs6/Ndufa6/Ndufb6/Zbtb20/Ndufb9/Antkmt/Ndufc2/Ddit4/Atp5me/Ier3/Ndufs4/Ndufa10/Ndufb7/Mtch2/Ndufab1/Atp5po/Ndufa2/Ndufs5/Ndufb3/Ndufa13/ND3/Ndufb10/Ndufb5/Mlxipl/Ndufa8/Atp5pd/Gale/Atp5f1e/Ndufv2/Ndufs7/Ndufc1/Ndufa11/Ndufa12/Atp5mf/Bcl2l1/Ndufa5/Pfkfb1/Galt/Atp5mc1
CC	GO:0045277	respiratory chain complex IV	26	-0.758361521051505	-2.36877034586553	1.21247170387532e-07	1.67321095134794e-05	1.56367040430817e-05	3339	tags=73%, list=16%, signal=61%	Uqcrfs1/Cox4i2/Ndufa4/Cox6c2/Cox7a1/COX3/Cox8a/Cox5a/COX2/Coa6/AA467197/Cox7c/Cox6a1/Cox7b/Cox4i1/Cox6c/Cox7a2/Cox6b1/Cox5b
CC	GO:0000775	chromosome, centromeric region	250	-0.411507628414649	-1.85349702235283	2.37996798123201e-07	3.12283011832475e-05	2.91838696715007e-05	4267	tags=35%, list=20%, signal=28%	Cenpq/Actb/Arid2/Dscc1/Septin6/Dync1i1/Ccnb1-ps/Nup160/Smc4/Crebbp/Nudcd2/Dynll1/Dctn5/Ahctf1/Zfp692/Cenpt/Plk2/Ezh2/Daxx/Ncapd3/Spout1/Hnrnpu/Dapk3/Itgb3bp/Cenpi/Bub1b/Cenpu/Cbx3/Wdhd1/Nup85/Kntc1/Snai1/Kdm4a/Sgo1/H4c8/Sgo2a/Bub1/Tex14/Spc24/Mtbp/Ncapd2/Knl1/H4c18/Hjurp/Cenpk/Cenps/Ska3/Chmp4c/Cenpe/Clasp1/Nek2/Smc5/Spdl1/Spag5/Cebpb/Pmf1/Zwilch/Nuf2/H4c14/Kdm4b/Cenph/Aurkb/Mad2l1/Cdca8/Ncapg/Kmt5c/Xpo1/Anapc16/Ska1/Aurka/Mad1l1/Cenpl/Ttk/Ndc80/Kif2c/Incenp/Cenpa/Ccnb1/Plk1/Oip5/Birc5/Cenpf/Esco2/Knstrn/Psen2/Top2a/Mki67/Cdc20
BP	GO:0030258	lipid modification	192	0.380696699220926	1.89233941670169	3.09716495789167e-07	3.93487433697856e-05	3.67726887063963e-05	2742	tags=32%, list=13%, signal=28%	Pparg/Lonp2/Cpt2/Adh4/Irs1/Mtmr10/Crot/Cyp2e1/Decr1/Acadm/Cpt1a/Mtor/Cyp4v3/Eci2/Acad11/Ilvbl/Hsd17b4/Mfsd2a/Fabp1/Dgkb/Acadl/Mtmr6/Plin5/Pex7/Hao2/Inpp5b/Ephx2/Acadvl/Etfdh/Hadha/Plpp3/Gcdh/Pex5/Inpp5j/Slc27a2/Acox3/Aldh1l2/Sesn2/Sgpp2/Cyp3a41b/Acaa1b/Mtm1/Plpp1/Scp2/Dgkg/Ppara/Auh/Abcd2/Acads/Hadh/Cnr1/Acaa1a/Eci1/Cyp3a44/Dgkh/Cyp3a16/Acat1/Gba2/Inpp5a/Aloxe3/Acaa2
CC	GO:0005753	mitochondrial proton-transporting ATP synthase complex	20	-0.794431676016339	-2.33702671232818	3.30391274486411e-07	4.13195587654567e-05	3.86144802055992e-05	3902	tags=75%, list=19%, signal=61%	Atp5f1c/Atp5pb/Atp5mk/ATP6/Atp6-ps/Atp5mc3/Atp5pf/Atp5f1d/Atp5me/Atp5mj/Atp5po/Atp5pd/Atp5f1e/Atp5mf/Atp5mc1
BP	GO:0009062	fatty acid catabolic process	104	0.462460672755266	2.06487077466929	3.44139434695014e-07	4.23768005430599e-05	3.96025072541339e-05	2742	tags=39%, list=13%, signal=34%	Lonp2/Cpt2/Irs1/Crot/Decr1/Acadm/Cpt1a/Mtor/Eci2/Acad11/Acot8/Ilvbl/Hsd17b4/Mfsd2a/Fabp1/Acadl/Plin5/Pex7/Hao2/Acadvl/Etfdh/Hadha/Gcdh/Pex5/Slc27a2/Acox3/Aldh1l2/Sesn2/Ces1f/Acaa1b/Scp2/Auh/Abcd2/Acads/Hadh/Cnr1/Acaa1a/Eci1/Acat1/Slc27a4/Acaa2
BP	GO:0098813	nuclear chromosome segregation	294	-0.39646205853952	-1.81526709658582	3.49599997377588e-07	4.23969451365184e-05	3.96213330361267e-05	4634	tags=35%, list=22%, signal=28%	Kpnb1/Smarca2/Golga2/Chek2/Arid1b/Ncapg2/Fancd2/Cenpq/Actb/Cep97/Map10/Bag6/Arid2/Mad2l1bp/Lcmt1/Cdk5rap2/Ccnb1-ps/Smc4/Mcmdc2/Sirt7/Prdm9/Smarcd3/Fam83d/Klhdc8b/Ncapd3/Mre11a/Msh4/Prickle1/Hnrnpu/Mei4/Cenpi/Bub1b/Ago4/Kntc1/Smc2/Mlh3/Pcid2/Sgo1/Ripor2/Ccnb2/Kifc5b/Bub1/Tex14/Ncaph/Spc24/Kif4/Bcl7c/Ncapd2/Knl1/Spata22/Cenpk/Psrc1/Septin1/Ska3/Chmp4c/Cenpe/Clasp1/Cdc16/Nek2/Cdc6/Kifc1/Kif18b/Spdl1/Spag5/Kif22/Tacc3/Pmf1/Zwilch/Nuf2/Espl1/Cdca5/Racgap1/Uhrf1/Aurkb/Mad2l1/Ccsap/Cdca8/Ncapg/Ska1/Aurka/Mad1l1/Ube2u/Ttk/Ndc80/Nusap1/Kif2c/Incenp/Msh5/Ccnb1/Ube2c/Aspm/Plk1/Birc5/Cenpf/Cpeb1/Ect2/Knstrn/Top2a/Cdk1/Prc1/Tpx2/Cdc20/Eml4
BP	GO:0031577	spindle checkpoint signaling	53	-0.61589587250189	-2.22640488006092	3.59741326318036e-07	4.29756653111875e-05	4.01621659829688e-05	2892	tags=49%, list=14%, signal=42%	Bub1b/Kntc1/Pcid2/Bub1/Tex14/Spc24/Mtbp/Knl1/Cenpe/Spdl1/Stil/Zwilch/Nuf2/Aurkb/Mad2l1/Cdca8/Aurka/Mad1l1/Diaph3/Ttk/Ndc80/Incenp/Ccnb1/Plk1/Birc5/Cdc20
BP	GO:0006091	generation of precursor metabolites and energy	444	-0.362304178985665	-1.70454322480224	3.78177235963631e-07	4.3940188545118e-05	4.10635445174266e-05	2268	tags=23%, list=11%, signal=21%	Ndufa7/Eno1/Park7/Gapdhrt/Ndufb2/Igf1/Acly/Prkag2/Cox7a1/ND1/Ndufb8/Sdhb/Uqcc2/COX3/Cox8a/Ndufa1/Gadd45gip1/Ppp1r3g/Chchd10/Mtln/Hk1/Atp6-ps/Cox5a/COX2/Ndufb1/Ndufa3/Atp5pf/Fxn/Ndufb11/Atp5f1d/Cisd1/Coa6/Uqcc3/Immp2l/Cox17/Ndufs6/Cox7c/Bax/Ndufa6/Phkb/Ndufb6/Zbtb20/Fdx2/Ndufb9/Antkmt/Apoc3/Pgf/Fdx1/Ndufc2/Cox6a1/Adh6b/Ddit4/Atp5me/Uqcrb/Cox7b/Ier3/Cox4i1/Ndufs4/Ndufa10/Ndufb7/Pgd/Mtch2/Ndufab1/Tmem135/Atp5po/Ndufa2/Ndufs5/Dnajc15/Ndufb3/Ppif/Ndufa13/Coq7/Ptges3/ND3/Ndufb10/Uqcrq/Ndufb5/Mlxipl/Ndufa8/Cox7a2/Atp5pd/Gale/Uqcrh/Atp5f1e/Ndufv2/Acacb/Adra1b/Ndufs7/Ndufc1/Ndufa11/Cox5b/Lepr/Ndufa12/Atp5mf/Ccnb1/Irs2/Uqcr11/Uqcr10/Ndufa5/Cycs/Cdk1/Pfkfb1/Galt/G6pdx
BP	GO:0051310	metaphase chromosome alignment	93	-0.527936247945252	-2.08000313024749	4.92729657123141e-07	5.63401167944803e-05	5.26516833611585e-05	2479	tags=34%, list=12%, signal=30%	Sgo1/Kifc5b/Tex14/Spc24/Knl1/Psrc1/Septin1/Ska3/Chmp4c/Cenpe/Nek2/Kifc1/Spdl1/Spag5/Kif22/Pmf1/Nuf2/Cdca5/Racgap1/Aurkb/Cdca8/Ska1/Mad1l1/Ndc80/Kif2c/Incenp/Ccnb1/Birc5/Cenpf/Ect2/Knstrn/Eml4
BP	GO:0051304	chromosome separation	80	-0.545127537332902	-2.08672891226584	7.84348178075597e-07	8.37056375642278e-05	7.82256582934062e-05	4125	tags=45%, list=20%, signal=36%	Mad2l1bp/Lcmt1/Cdk5rap2/Ccnb1-ps/Smc4/Ncapd3/Bub1b/Kntc1/Smc2/Pcid2/Bub1/Tex14/Ncaph/Spc24/Ncapd2/Knl1/Cenpe/Cdc16/Spdl1/Zwilch/Nuf2/Espl1/Aurkb/Mad2l1/Cdca8/Ncapg/Mad1l1/Ttk/Ndc80/Incenp/Ccnb1/Ube2c/Plk1/Birc5/Top2a/Cdc20
BP	GO:1902850	microtubule cytoskeleton organization involved in mitosis	154	-0.454992200803965	-1.92759442008087	8.25331997543225e-07	8.69204908991575e-05	8.12300439687279e-05	2360	tags=27%, list=11%, signal=24%	Ripor2/Kifc5b/Htt/Dynlt1b/Kif4/Bora/Psrc1/Chmp4c/Cenpe/Clasp1/Tbce/Nek2/Kifc1/Spdl1/Tacc3/Stil/Cep126/Dlgap5/Nuf2/Insc/Racgap1/Uhrf1/Cenph/Aurkb/Mad2l1/Ccsap/Cdca8/Aurka/Poc1a/Ndc80/Nusap1/Incenp/Cenpa/Ccnb1/Plk1/Birc5/Stmn1/Cdk1/Prc1/Tpx2/Cdc20
BP	GO:0051255	spindle midzone assembly	10	-0.898767642848556	-2.18416904955731	1.00724234786715e-06	0.000104700879900372	9.78463995070943e-05	867	tags=70%, list=4%, signal=67%	Racgap1/Aurkb/Cdca8/Ccdc69/Incenp/Birc5/Prc1
BP	GO:0007088	regulation of mitotic nuclear division	108	-0.49582476854731	-1.9985611900853	1.02249932778932e-06	0.000104924161790073	9.80550637418474e-05	3004	tags=35%, list=14%, signal=30%	Rgcc/Nme6/Bub1b/Kntc1/Pdxp/Pcid2/Pdgfrb/Bub1/Tex14/Igf1/Spc24/Bora/Mtbp/Knl1/Cenpe/Cdc16/Fgfr2/Spdl1/Esr1/Chek1/Zwilch/Nuf2/Aurkb/Mad2l1/Cdca8/Mad1l1/Ttk/Ndc80/Nusap1/Incenp/Cdca2/Ccnb1/Smpd3/Ube2c/Plk1/Birc5/Mki67/Cdc20
CC	GO:0000793	condensed chromosome	270	-0.391937083168442	-1.78413533806525	1.21336618142085e-06	0.000122933960963196	0.000114885810595291	4406	tags=37%, list=21%, signal=29%	Ppp1cc/Ncapg2/Fancd2/Cenpq/Actb/Xlr4b/L3mbtl1/Arid2/Septin6/3830403N18Rik/Dync1i1/Ccnb1-ps/Nup160/Smc4/Crebbp/Nudcd2/Dynll1/Dctn5/Ahctf1/Cdk2/Zfp692/Cenpt/Plk2/Xlr3c/Ncapd3/Mre11a/Msh4/Spout1/Hnrnpu/Mei4/Rsph1/Itgb3bp/Cenpi/Bub1b/Cenpu/Cbx3/Nup85/Kntc1/Smc2/Mlh3/Sgo1/Sgo2a/Bub1/Tex14/Ncaph/Spc24/Mtbp/Ncapd2/Knl1/Hjurp/Blm/Cenpk/Rad9a/Cenps/Ska3/Chmp4c/Cenpe/Clasp1/Nek2/Banf1/Smc5/Spdl1/Spag5/Hmgb2/Cebpb/Chek1/Pmf1/Zwilch/Nuf2/Brca1/Rad51/Cenph/Xlr3a/Aurkb/Mad2l1/Ncapg/Kmt5c/Xpo1/Anapc16/Ska1/Aurka/Mad1l1/Xlr3b/Cenpl/Ttk/Ndc80/Kif2c/Incenp/Cenpa/Msh5/Ccnb1/Plk1/Birc5/Cenpf/Knstrn/Psen2/Top2a/Mki67/Cdc20
CC	GO:0005819	spindle	349	-0.368543208899459	-1.70207391112505	1.81005169899652e-06	0.000178859923441582	0.000167150453191284	4059	tags=29%, list=19%, signal=23%	Dync1i1/Alpk1/Rgs14/Afg2a/Cdk5rap2/Ccnb1-ps/Cyld/Nudcd2/Limk2/Dynll1/Mad2l2/Haus5/Fam83d/Tubgcp3/Haus4/Plk2/Katnb1/Tada3/Birc6/Spout1/Hnrnpu/Tubb4b/Rsph1/Cdc14a/Haus8/Pard3/Bub1b/Cbx3/Kntc1/Trappc14/Tubb1/Tubb2b/Sgo1/Kifc5b/Ptpn7/Ngrn/Cxcr2/Camk2b/Bora/Mapre3/Psrc1/Septin1/Ska3/Chmp4c/Cenpe/Clasp1/Cdc16/Nek2/Cdc6/Kifc1/Tubb2a/Hmmr/Kif18b/Iqcb1/Diaph1/Haus1/Spdl1/Spag5/Kif22/Tacc3/Pmf1/Dlgap5/Espl1/Tubb5/Racgap1/Aurkb/Mad2l1/Ccsap/Cdca8/Ttc28/Aunip/Ska1/Aurka/Mad1l1/Diaph3/Tbck/Poc1a/Kif20a/Cep44/Tpt1/Ckap2/Kif20b/Tubb6/Ckap2l/Ccdc69/Nusap1/Kif2c/Incenp/Ccnb1/Aspm/Plk1/Birc5/Cenpf/Cpeb1/Ect2/Knstrn/Cdk1/Prc1/Tpx2/Eml4
BP	GO:0071174	mitotic spindle checkpoint signaling	49	-0.610630941793101	-2.19364618157657	2.240440393884e-06	0.00021868884039814	0.000204371879832345	2892	tags=57%, list=14%, signal=49%	Mad2l1bp/Lcmt1/Cdk5rap2/Ccnb1-ps/Bub1b/Kntc1/Pcid2/Bub1/Tex14/Spc24/Mtbp/Knl1/Cenpe/Spdl1/Stil/Zwilch/Nuf2/Aurkb/Mad2l1/Cdca8/Mad1l1/Ttk/Ndc80/Incenp/Ccnb1/Plk1/Birc5/Cdc20
BP	GO:0045839	negative regulation of mitotic nuclear division	59	-0.575587118440267	-2.1095839279928	2.36050144963746e-06	0.000227631971119256	0.000212729528232388	2997	tags=46%, list=14%, signal=39%	Nme6/Bub1b/Kntc1/Pcid2/Bub1/Tex14/Spc24/Mtbp/Knl1/Cenpe/Fgfr2/Spdl1/Esr1/Chek1/Zwilch/Nuf2/Aurkb/Mad2l1/Cdca8/Mad1l1/Ttk/Ndc80/Incenp/Ccnb1/Plk1/Birc5/Cdc20
BP	GO:0006123	mitochondrial electron transport, cytochrome c to oxygen	17	-0.779915487785782	-2.19667438522114	2.58642403062587e-06	0.000246449261203922	0.000230314901774779	3507	tags=76%, list=17%, signal=64%	Afg1l/Cox4i2/Cox7a1/COX3/Cox8a/Cox5a/Cox7c/Cox6a1/Cox7b/Cox4i1/Cox7a2/Cox5b/Cycs
BP	GO:0034308	primary alcohol metabolic process	82	0.483158451253511	2.07465024060895	3.1903012120737e-06	0.000296920591877185	0.000277482012398969	3626	tags=46%, list=17%, signal=38%	Gpd1/Sult2a3/Rest/Rdh9/Adh4/Aldh3a2/Retsat/Sult2a4/Sdr9c7/Aldh1a1/Sult2a7/Rdh10/Sult2a5/Rdh19/Rdh7/Sult2a1/Bmp6/Akr1c14/Kcnma1/Sult2a8/Akr1c20/Akr1a1/Rdh1/Napepld/Akr1c21/Bmp5/Dab2/Rdh14/Akr1c6/Sult1b1/Dhrs7l/Cyp11a1/Cacna1h/Sult2a2/Abhd4/Acp3/Clcn2/Hao1
CC	GO:0005777	peroxisome	143	0.4039828269627	1.90699778088401	4.8695650560778e-06	0.000433066652320519	0.000404714962438466	2353	tags=29%, list=11%, signal=26%	Ech1/Dhrs4/Lonp2/Aldh3a2/Hmgcl/Pex26/Crot/Pex1/Vwa8/Eci2/Acad11/Acot8/Pex14/Hsd17b4/Fabp1/Pex11a/Pex7/Hao2/Acot3/Acot4/Ephx2/Nudt17/Pex5/Amacr/Slc27a2/Hsdl2/Pxmp4/Acox3/Pnpla8/Acbd5/Nudt12/Pex19/Acsl6/Xdh/Acaa1b/Sting1/Scp2/Agps/Pipox/Abcd2/Acaa1a/Acsl1
MF	GO:0015453	oxidoreduction-driven active transmembrane transporter activity	34	-0.655636587086676	-2.17892743474512	5.01975448646368e-06	0.000441517746259948	0.000412612786359872	5057	tags=74%, list=24%, signal=56%	ND4/Cyb561d2/ND2/COX1/Cyc1/Ndufs2/Ndufs8/CYTB/Ndufs3/Uqcrfs1/Cox4i2/ND6/Cox7a1/ND1/COX3/Cox5a/COX2/Ndufs4/Ndufa10/Ndufb7/Ndufa2/ND3/Uqcrh/Ndufv2/Ndufs7
CC	GO:0000779	condensed chromosome, centromeric region	178	-0.421038255495784	-1.82827983109397	5.60466806163894e-06	0.000487606121362588	0.000455683881533253	4267	tags=39%, list=20%, signal=32%	Cenpq/Actb/Arid2/Septin6/Dync1i1/Ccnb1-ps/Nup160/Crebbp/Nudcd2/Dynll1/Dctn5/Ahctf1/Zfp692/Cenpt/Plk2/Ncapd3/Spout1/Hnrnpu/Itgb3bp/Cenpi/Bub1b/Cenpu/Cbx3/Nup85/Kntc1/Sgo1/Sgo2a/Bub1/Tex14/Spc24/Mtbp/Ncapd2/Knl1/Hjurp/Cenpk/Cenps/Ska3/Chmp4c/Cenpe/Clasp1/Nek2/Spdl1/Spag5/Cebpb/Pmf1/Zwilch/Nuf2/Cenph/Aurkb/Mad2l1/Ncapg/Kmt5c/Xpo1/Anapc16/Ska1/Aurka/Mad1l1/Cenpl/Ttk/Ndc80/Kif2c/Incenp/Cenpa/Ccnb1/Plk1/Birc5/Cenpf/Knstrn/Psen2/Cdc20
MF	GO:0008514	organic anion transmembrane transporter activity	220	0.345673269066732	1.77296873099256	6.89269472082167e-06	0.000580727668899544	0.000542709015913117	3387	tags=30%, list=16%, signal=25%	Slc16a2/Slc23a2/Slc66a1/Gria2/Slc25a22/Cd36/Slc25a25/Ctns/Slc6a7/Slc38a2/Slc1a2/Slc2a2/Mfsd2a/Slc39a14/Slco5a1/Slco1b2/Slc25a10/Slc4a4/Slc22a29/Slc6a9/Slc4a1/Slc35b2/Slc4a7/Grik5/Slc27a2/Slc22a30/Slc19a1/Slc25a16/Slc35d1/Slc38a10/Slc25a23/Slc25a29/Slc25a42/Slc26a10/Slc36a1/Slc25a32/Slc7a11/Sfxn3/Slco1a7/Slc26a3/Slc22a1/Slc3a2/Slc35b1/Ceacam1/Slc17a5/Ucp2/Slc26a4/Grid1/Slc4a11/Slc27a4/Slc5a6/Slc27a1/Slc38a1/Lrrc8a/Slc22a27/Slc17a8/Slc16a9/Slc25a13/Slc10a1/Slc38a4/Slc25a18/Ank/Slc7a2/Slc16a7/Slc38a3/Slc4a10
CC	GO:0000276	mitochondrial proton-transporting ATP synthase complex, coupling factor F(o)	11	-0.853572948742655	-2.12719983652251	7.95309031695361e-06	0.000663088905176008	0.000619678287195969	1665	tags=64%, list=8%, signal=59%	Atp5mc3/Atp5pf/Atp5me/Atp5po/Atp5pd/Atp5mf/Atp5mc1
BP	GO:0010965	regulation of mitotic sister chromatid separation	58	-0.566654736240479	-2.0589881453583	1.05277340785419e-05	0.000842639835646497	0.000787474509074937	2892	tags=41%, list=14%, signal=36%	Bub1b/Kntc1/Pcid2/Bub1/Tex14/Spc24/Knl1/Cenpe/Cdc16/Spdl1/Zwilch/Nuf2/Aurkb/Mad2l1/Cdca8/Mad1l1/Ttk/Ndc80/Incenp/Ccnb1/Ube2c/Plk1/Birc5/Cdc20
CC	GO:0030496	midbody	163	-0.424502917534585	-1.81316369465181	1.09847106190159e-05	0.000870511126679243	0.000813521142873655	4247	tags=32%, list=20%, signal=26%	Map10/Ankrd45/Anxa2/Anln/Keap1/Vamp8/Cyld/Erh/Klhdc8b/Katnb1/Agap2/Birc6/Hnrnpu/Mplkip/BC004004/Nat10/Zfyve19/Cep55/Trappc14/Pdxp/Tex14/Mical1/Kif4/Mapre3/Ptch1/Psrc1/Septin1/Chmp4c/Cenpe/Ssna1/Nek2/Crmp1/Cep126/Racgap1/Aurkb/Cdca8/Ttc28/Tbck/Kif20a/Rack1/Kif20b/Incenp/Aspm/Plk1/Birc5/Cenpf/Ect2/Vps37b/Slc2a1/Cdk1/Prc1/Eml4
BP	GO:0061982	meiosis I cell cycle process	115	-0.46541311957764	-1.89398239352026	1.308639787382e-05	0.000969847486870884	0.00090635422311272	4440	tags=38%, list=21%, signal=30%	Eif4g3/Fancd2/Siah1a/Bag6/Brme1/Rad51d/Mcmdc2/Sirt7/Prdm9/Brdt/Rec114/Eme1/Slc25a31/Fancm/Mre11a/Msh4/Mei4/Ago4/Hsf2bp/Mlh3/Ccnb2/Knl1/Spata22/Zscan21/Cenps/Cenpe/Rad54b/Espl1/Rad51c/Rad51/Rad51ap1/Cntd1/Aurka/Chtf18/Ankle1/Ndc80/Cks2/Msh5/Pkmyt1/Plk1/Birc5/Cpeb1/Top2a/Cdc20
BP	GO:0000075	cell cycle checkpoint signaling	188	-0.416578952788636	-1.81416122490347	1.40873064584042e-05	0.00103444771461529	0.00096672525054003	4354	tags=36%, list=21%, signal=29%	Gnb1l/Msh2/Fancd2/Fzr1/Nek1/Mad2l1bp/Lcmt1/Cdk5rap2/Ccnb1-ps/Bard1/Pml/Eme1/Mre11a/Rpa2/Atr/Zfyve19/Bub1b/Kntc1/E2f7/Fbxo4/Pcid2/Foxn3/Eif2ak4/Ints3/Ticrr/Bub1/Tex14/Spc24/Donson/Mtbp/Knl1/Dtl/Blm/Rad9a/Chmp4c/Cenpe/Cradd/Cdc6/Rnaseh2b/Spdl1/Clspn/Chek1/Stil/Zwilch/Nuf2/Ier3/Brca1/Rad51/Timeless/Rfwd3/Aurkb/Mad2l1/Cdca8/Aurka/Mad1l1/Diaph3/Ttk/Rpl24/Rpl26/Cry1/Ndc80/Incenp/Ccnb1/Rps6/Plk1/Birc5/Cdk1/Cdc20
BP	GO:0051983	regulation of chromosome segregation	123	-0.449656789228867	-1.84777322066388	1.66780891509787e-05	0.00120262545553543	0.00112389285449838	4583	tags=41%, list=22%, signal=33%	Smarca2/Arid1b/Ncapg2/Actb/Arid2/Mad2l1bp/Lcmt1/Cdk5rap2/Ccnb1-ps/Smc4/Smarcd3/Ncapd3/Hnrnpu/Bub1b/Kntc1/Smc2/Pcid2/Bub1/Tex14/Ncaph/Spc24/Bcl7c/Ncapd2/Knl1/Cenpe/Cdc16/Cdc6/Smc5/Spdl1/Tacc3/Zwilch/Nuf2/Aurkb/Mad2l1/Cdca8/Ncapg/Mad1l1/Ube2u/Chtf18/Ttk/Ndc80/Kif2c/Incenp/Cdca2/Ccnb1/Ube2c/Plk1/Birc5/Cdk1/Mki67/Cdc20
BP	GO:0140013	meiotic nuclear division	176	-0.414193255818348	-1.79386848138982	1.69846137268431e-05	0.00121379328812189	0.00113432955961416	4319	tags=34%, list=21%, signal=27%	Fancd2/Fzr1/Asz1/Siah1a/Bag6/Spire2/Brme1/Rad51d/Smc4/Mcmdc2/Sirt7/Prdm9/Brdt/Eme1/Slc25a31/Fancm/Ncapd3/Mre11a/Msh4/Mei4/Ago4/Hsf2bp/Smc2/Mlh3/Sgo1/Ccnb2/Sgo2a/Tex14/Ncaph/Camk2b/Knl1/Spata22/Zscan21/Cenps/Septin1/Cenpe/Fanca/Rad54b/Nuf2/Espl1/Rad51c/Rad51/Rad51ap1/Cntd1/Plcb1/Aurka/Chtf18/Ttk/Ankle1/Ndc80/Cks2/Incenp/Msh5/Fignl1/Aspm/Plk1/Birc5/Cpeb1/Top2a/Cdc20
CC	GO:0098687	chromosomal region	349	-0.35334012912223	-1.63186025684324	1.89765082859462e-05	0.00133235063439223	0.00124512528051647	4661	tags=33%, list=22%, signal=26%	Fen1/Gpatch11/Men1/Sun2/Mis18bp1/Chek2/Hnrnpa2b1/Ppp1cc/Cenpq/Thoc7/Actb/Lrif1/Arid2/Gar1/Dscc1/Septin6/Dync1i1/Rad51d/Ccnb1-ps/Nup160/Smc4/Crebbp/Nudcd2/Dynll1/Ten1/Pml/Dctn5/Ahctf1/Cdk2/Zfp692/Cenpt/Plk2/Ezh2/Rtel1/Daxx/Ncapd3/Mre11a/Rpa2/Spout1/Hnrnpu/Dapk3/Itgb3bp/Cenpi/Bub1b/Cenpu/Cbx3/H3f3b/Wdhd1/Nup85/Kntc1/Snai1/Kdm4a/Sgo1/H4c8/Sgo2a/Bub1/Tex14/Telo2/Spc24/Xrcc1/Mtbp/Ncapd2/Knl1/H4c18/Hjurp/Blm/Cenpk/Cenps/Ska3/Chmp4c/Cenpe/Clasp1/Nek2/Smc5/Spdl1/Spag5/Cebpb/Chek1/Pmf1/Zwilch/Nuf2/H4c14/Rad51/Tnks2/Kdm4b/Cenph/Rad51ap1/Aurkb/Mad2l1/Cdca8/Ncapg/Kmt5c/Xpo1/Anapc16/Ska1/Aurka/Mad1l1/Cenpl/Ttk/Ndc80/Kif2c/Incenp/Cenpa/Ccnb1/Pif1/Plk1/Oip5/Birc5/Cenpf/Esco2/Knstrn/Psen2/Top2a/Mki67/Cdc20
CC	GO:0016469	proton-transporting two-sector ATPase complex	45	-0.587691563393014	-2.06999967412782	2.07781918118387e-05	0.00143369523501687	0.00133983512717719	3464	tags=47%, list=17%, signal=39%	Atp5pb/Atp5mk/Atp6v0e/ATP6/Atp6v1b2/Atp6v0d2/Atp6v1g2/Tcirg1/Atp6v1f/Atp6-ps/Atp5mc3/Atp5pf/Atp5f1d/Atp5me/Atp5mj/Atp5po/Atp5pd/Atp5f1e/Atp5mf/Atp6v1g1/Atp5mc1
BP	GO:0006631	fatty acid metabolic process	410	0.281972145876955	1.51883973653732	2.26634945611266e-05	0.00155041547407912	0.00144891401125835	2742	tags=25%, list=13%, signal=22%	Pparg/Ech1/Mgll/Cyp2a22/Lonp2/Cpt2/Adh4/Irs1/Aldh3a2/Acsf2/Crot/Cyp2e1/Acsm5/Decr1/Peds1/Lipg/Ephx1/Acadm/Hpgd/Cpt1a/Mtor/Cyp4v3/Eci2/Acad11/Acot8/Ilvbl/Hsd17b4/Mfsd2a/Fabp1/Cyp2c37/Pank2/Acadl/Plin5/Pex7/Lias/Hao2/Acot3/Acot4/Ephx2/Acadvl/Etfdh/Hadha/Sirt1/Gcdh/Ptges2/Pex5/Wdtc1/Slc27a2/Acox3/Agt/Pnpla8/Pibf1/Cyp2j9/Aldh1l2/Acbd5/Asah2/Sesn2/Acot1/Ces1f/Cyp2b13/Acot9/Cyp4a10/Fabp2/Cyp2d26/Acad9/Nfe2l1/Acsl6/Acaa1b/Hacd3/Lpgat1/Ncor1/Dld/Scp2/Acsm1/Akr1c14/Ppara/Plaa/Echdc3/Ceacam1/Akr1c20/Auh/Cyp2c67/Abcd2/Prkag1/Acads/Hadh/Cyp2c50/Cyp2g1/Cnr1/Acaa1a/Eci1/Cyp2c29/Acsl1/Kat2b/Sco1/Cyp4a14/Acat1/Erlin2/Slc27a4/Akr1c6/Slc27a1/Aloxe3/Acaa2
BP	GO:1901970	positive regulation of mitotic sister chromatid separation	17	-0.741743316616621	-2.0891603892193	2.56007465779018e-05	0.0016934576496655	0.00158259160663393	1723	tags=53%, list=8%, signal=49%	Cenpe/Cdc16/Aurkb/Cdca8/Mad1l1/Incenp/Ube2c/Birc5/Cdc20
BP	GO:1905820	positive regulation of chromosome separation	27	-0.655338197830972	-2.05215969082552	2.79972485050921e-05	0.00182186973198989	0.00170259690096007	4389	tags=63%, list=21%, signal=50%	Ncapg2/Mad2l1bp/Smc4/Ncapd3/Smc2/Ncaph/Ncapd2/Cenpe/Cdc16/Aurkb/Cdca8/Ncapg/Mad1l1/Incenp/Ube2c/Birc5/Cdc20
BP	GO:0009437	carnitine metabolic process	12	0.816732272847937	2.22147691164093	3.08468620038998e-05	0.0019911151893485	0.00186076232088041	565	tags=58%, list=3%, signal=57%	Slc22a5/Cpt2/Crot/Bbox1/Acadm/Cpt1a/Acadl
MF	GO:0015291	secondary active transmembrane transporter activity	240	0.320449944802075	1.64327823369196	3.55388817283284e-05	0.00224458979000176	0.00209764263233547	3387	tags=29%, list=16%, signal=24%	Slc22a5/Slc16a2/Slc23a2/Slc25a30/Slc25a22/Slc25a25/Ctns/Slc6a7/Slc38a2/Slc1a2/Mfsd2a/Slc39a14/Slco5a1/Slc35a3/Chp1/Slco1b2/Slc25a10/Slc4a4/Slc22a29/Slc6a9/Clcn7/Slc9a6/Slc4a1/Slc35b2/Slc4a7/Slc22a30/Slc19a1/Slc25a16/Slc35d1/Slc35a5/Slc6a4/Slc25a23/Slc25a42/Slc26a10/Slc36a1/Slc7a11/Slco1a7/Slc26a3/Slc22a1/Slc3a2/Slc35b1/Slc17a5/Slc35e1/Slc30a4/Ucp2/Slc26a4/Slc20a1/Slc8a3/Slc9b2/Slc4a11/Slc13a4/Slc5a2/Clcn4/Slc5a6/Slc38a1/Slc18a2/Letm1/Slc22a27/Slc17a8/Slc25a13/Slc10a1/Slc38a4/Slc25a18/Ank/Slc8a1/Slc28a3/Slc16a7/Slc38a3/Slc4a10
BP	GO:0044282	small molecule catabolic process	329	0.298853964793677	1.58076938049914	3.79393368753923e-05	0.00235400350659411	0.00219989333199949	3158	tags=27%, list=15%, signal=24%	Gnpda1/Sult2a3/Pfkfb2/Lonp2/Cpt2/Adh4/Irs1/Hmgcl/Crot/Sult2a4/Decr1/Glud1/Acadm/Cpt1a/Mtor/Eci2/Acad11/Acot8/Ilvbl/Hsd17b4/Cdadc1/Mfsd2a/Fabp1/Acadl/Plin5/Pex7/Sord/Aldh1a1/Hao2/Acot4/Sult2a7/Acadvl/Etfdh/Hadha/Gcdh/Pex5/Slc27a2/Haghl/Sult2a5/Acox3/Renbp/Oat/Aldh1l2/Sesn2/Asrgl1/Ces1f/Aldh6a1/Ada/Ids/Sult2a1/Arg2/Cbr3/Foxk2/Xdh/Acaa1b/Mpi/Ldha/Dld/Scp2/Akr1c14/Sult2a8/Akr1c20/Auh/Tigar/Pipox/Abcd2/Pon1/Akr1a1/Acads/Hadh/Cnr1/Adal/Acaa1a/Eci1/Cyp46a1/Pon3/Acat1/Slc27a4/Hdc/Akr1c6/Acaa2/Aldh5a1/Galm/Sult1b1/Glb1/Cbs/Hibch/Cyp26c1/Ddah1/Hadhb
BP	GO:0015711	organic anion transport	356	0.283426879510941	1.50815283050182	4.19450263523325e-05	0.00258252300710823	0.00241345228550344	3439	tags=27%, list=17%, signal=23%	Pparg/Plin2/Slc16a2/P2ry2/Il1a/Slc23a2/Slc66a1/Crot/Slc25a22/Cd36/Slc25a25/Myc/Ctns/Slc6a7/Pla2g12a/Slc22a22/Slc2a9/Slc38a2/Slc1a2/Slc2a2/Mfsd2a/Fabp1/Slco5a1/Slc35a3/Slco1b2/Slc25a10/Slc4a4/Slc22a29/Slc6a9/Slc4a1/Slc35b2/Slc4a7/Aqp9/Slc27a2/Slc22a30/Slc19a1/Slc25a16/Slc38a10/Agt/Slc6a4/Pnpla8/Thbs1/Slc25a23/Ces1f/Slc25a29/Slc25a42/Slc6a16/Fabp2/Arg2/Pla2r1/Slc36a1/Slc25a32/Slc7a11/Sfxn3/Nfe2l1/Acsl6/Slco1a7/Slc22a1/Abcb4/Slc3a2/Xk/Slc35b1/Ceacam1/Slc17a5/Abcd2/Epm2a/Ucp2/Arl6ip5/Acsl1/Slc6a21/Slc4a11/Psen1/Folr2/Slc27a4/Slc5a6/Slc27a1/Slc38a1/Adora1/Lrrc8a/Fabp7/Slc22a27/Arl6ip1/Slc17a8/Slc16a9/Slc25a13/Slc10a1/Slc38a4/Slc25a18/Rab3gap1/Ank/Slc7a2/Ces1c/Slc16a7/Slc38a3/Slc4a10/Ces1a/Bdkrb2
MF	GO:0005342	organic acid transmembrane transporter activity	154	0.35470253322064	1.69954181880429	4.55009841138376e-05	0.00274514695592487	0.00256542968894528	3381	tags=31%, list=16%, signal=26%	Slc16a2/Slc23a2/Slc66a1/Gria2/Slc25a22/Cd36/Ctns/Slc6a7/Slc38a2/Slc1a2/Mfsd2a/Slco1b2/Slc25a10/Slc22a29/Slc6a9/Grik5/Slc27a2/Slc22a30/Slc19a1/Slc38a10/Slc25a29/Slc26a10/Slc36a1/Slc25a32/Slc7a11/Sfxn3/Slco1a7/Slc26a3/Slc3a2/Ceacam1/Slc17a5/Ucp2/Slc26a4/Grid1/Slc27a4/Slc5a6/Slc27a1/Slc38a1/Slc22a27/Slc17a8/Slc16a9/Slc25a13/Slc10a1/Slc38a4/Slc25a18/Slc7a2/Slc16a7/Slc38a3
BP	GO:0042445	hormone metabolic process	197	0.330779221736199	1.6530736674688	4.5615260511995e-05	0.00274514695592487	0.00256542968894528	3065	tags=28%, list=15%, signal=24%	Pcsk2/Sult2a3/Rest/Slc16a2/Rdh9/Adh4/Retsat/Sult2a4/Stard3/Ctns/Hsd17b4/Sdr9c7/Aldh1a1/Sult2a7/Rdh10/Hif1a/Sult2a5/Agt/Pcsk6/Rdh19/Hsd17b7/Ugt2b34/Rdh7/Ugt2b5/Sult2a1/Bmp6/Cyp3a41b/Hsd17b11/Corin/P4hb/Hsd11b1/Scp2/Akr1c14/Kcnma1/Sult2a8/Akr1c20/Rdh1/Disp1/Cyp46a1/Cyp3a44/Cyp3a16/Bmp5/Dab2/Rdh14/Atp1a1/Hsp90b1/Spp1/Akr1c6/Sult1b1/Ugt2b38/Dhrs7l/Ece1/Cyp11a1/Cyp3a41a/Cyp26c1/Cacna1h
BP	GO:0051984	positive regulation of chromosome segregation	29	-0.65062285948766	-2.07755919013085	4.61594614051265e-05	0.00275716663497487	0.00257666247246527	4389	tags=69%, list=21%, signal=55%	Ncapg2/Mad2l1bp/Ccnb1-ps/Smc4/Ncapd3/Hnrnpu/Smc2/Ncaph/Ncapd2/Cenpe/Cdc6/Smc5/Aurkb/Cdca8/Ncapg/Mad1l1/Incenp/Ccnb1/Birc5/Cdk1
BP	GO:0051988	regulation of attachment of spindle microtubules to kinetochore	21	-0.711332128604965	-2.1237079270178	4.77864953889897e-05	0.00283320821550721	0.00264772581858995	1723	tags=52%, list=8%, signal=48%	Cenpe/Nek2/Spag5/Racgap1/Aurkb/Cdca8/Incenp/Ccnb1/Birc5/Ect2/Knstrn
BP	GO:0051315	attachment of mitotic spindle microtubules to kinetochore	24	-0.684853527414381	-2.11470630005076	4.89502763328012e-05	0.00288086773358633	0.00269226519830406	1768	tags=46%, list=8%, signal=42%	Ska3/Cenpe/Nuf2/Aurkb/Cdca8/Ska1/Mad1l1/Ndc80/Kif2c/Incenp/Birc5
CC	GO:0000940	outer kinetochore	23	-0.687010174189831	-2.08233400572489	5.85046781959474e-05	0.00341803973927272	0.00319427002120939	5265	tags=87%, list=25%, signal=65%	Dsn1/Spc25/Bod1/Nsl1/Ccnb1-ps/Crebbp/Bub1b/Bub1/Spc24/Knl1/Ska3/Cenpe/Spdl1/Pmf1/Nuf2/Ska1/Ndc80/Ccnb1/Plk1/Cenpf
BP	GO:0140448	signaling receptor ligand precursor processing	25	0.65569711925241	2.21027081948193	6.05129166307945e-05	0.00350974916458608	0.00327997548114741	4954	tags=52%, list=24%, signal=40%	Pcsk2/Bace1/Pcsk6/Corin/P4hb/Disp1/Hsp90b1/Ece1/Ero1b/Casp1/Atp6ap2/Slc30a8/Scg5
BP	GO:0007080	mitotic metaphase chromosome alignment	56	-0.5469955521039	-1.98295865325615	6.25685633568828e-05	0.00351104827490759	0.00328118954226746	1803	tags=34%, list=9%, signal=31%	Psrc1/Ska3/Chmp4c/Cenpe/Kifc1/Spdl1/Kif22/Nuf2/Cdca5/Aurkb/Cdca8/Ska1/Mad1l1/Ndc80/Kif2c/Incenp/Ccnb1/Birc5/Eml4
BP	GO:0016054	organic acid catabolic process	229	0.316568176908165	1.62492460938209	6.27286236021721e-05	0.00351104827490759	0.00328118954226746	3158	tags=29%, list=15%, signal=25%	Gnpda1/Lonp2/Cpt2/Irs1/Hmgcl/Crot/Decr1/Glud1/Acadm/Cpt1a/Mtor/Eci2/Acad11/Acot8/Ilvbl/Hsd17b4/Mfsd2a/Fabp1/Acadl/Plin5/Pex7/Sord/Hao2/Acot4/Acadvl/Etfdh/Hadha/Gcdh/Pex5/Slc27a2/Acox3/Renbp/Oat/Aldh1l2/Sesn2/Asrgl1/Ces1f/Aldh6a1/Ids/Arg2/Acaa1b/Ldha/Dld/Scp2/Sult2a8/Auh/Pipox/Abcd2/Pon1/Akr1a1/Acads/Hadh/Cnr1/Acaa1a/Eci1/Pon3/Acat1/Slc27a4/Hdc/Acaa2/Aldh5a1/Cbs/Hibch/Cyp26c1/Ddah1/Hadhb
BP	GO:0016042	lipid catabolic process	295	0.294846366832063	1.54241088212267	6.10698567444934e-05	0.00351104827490759	0.00328118954226746	3666	tags=29%, list=18%, signal=24%	Mgll/Lonp2/Cpt2/Irs1/Crot/Nceh1/Decr1/Lipg/Acadm/Hpgd/Cpt1a/Mtor/Pla2g12a/Eci2/Acad11/Acot8/Ilvbl/Hsd17b4/Mfsd2a/Fabp1/Acadl/Plin5/Pex7/Hao2/Fgf21/Fitm2/Apob/Acadvl/Etfdh/Hadha/Gcdh/Pex5/Amacr/Slc27a2/Acox3/Pnpla8/Aldh1l2/Asah2/Sesn2/Ces1f/Hsd17b11/Abhd15/Alk/Acaa1b/Hsd11b1/Scp2/Pafah1b2/Acer2/Akr1c14/Rab7/Sult2a8/Akr1c20/Auh/Adra2a/Pik3cg/Abcd2/Acads/Hadh/Cnr1/Acaa1a/Napepld/Eci1/Cyp46a1/Lrp1/Acat1/Gba2/Slc27a4/Spp1/Akr1c6/Acaa2/Adora1/Lipc/Cyp26c1/Plcg1/Abhd12/Hadhb/Pla2g4e/Ces1c/Abhd4/Abhd1/Ces1a/Pafah1b1/Acox2/Hao1/Ces1e/Neu2
BP	GO:0120254	olefinic compound metabolic process	137	0.371092893998977	1.74898954926313	6.38774521535169e-05	0.00355052171553298	0.00331807876464102	3114	tags=34%, list=15%, signal=29%	Mgll/Rest/Cyp2a22/Dhrs4/Rdh9/Adh4/Retsat/Cyp2e1/Ephx1/Stard3/Rdh13/Cyp2c37/Sdr9c7/Aldh1a1/Ephx2/Rdh10/Pnpla8/Rdh19/Cyp2j9/Rdh7/Cyp2b13/Cyp4a10/Cyp2d26/Bmp6/Scp2/Akr1c14/Kcnma1/Akr1c20/Cyp2c67/Cyp2c50/Cyp2g1/Rdh1/Cyp2c29/Cyp46a1/Sco1/Cyp4a14/Bmp5/Dab2/Rdh14/Akr1c6/Aloxe3/Dkkl1/Dhrs7l/Cyp11a1/Cyp2d11/Cacna1h/Cyp2j5
MF	GO:0004364	glutathione transferase activity	32	-0.631013495286145	-2.08156247120011	7.05483661470703e-05	0.00386759673041884	0.00361439574506908	4680	tags=62%, list=22%, signal=49%	Gstm4/Gsta5/Gstt1/Alox5ap/Gstp1/Mgst3/Gstk1/Lancl1/Gstm7/Gstt3/Gstm1/Gstm6/Mgst2/Gstm2/Gstp3/Gsta4/Gsta13/Gsta2/Gstm3/Gsta1
BP	GO:0045930	negative regulation of mitotic cell cycle	225	-0.378263749005609	-1.68379019525782	7.27833967755463e-05	0.00396298168565628	0.0037035361080346	4352	tags=34%, list=21%, signal=27%	Msh2/Fancd2/Fzr1/Mad2l1bp/Lcmt1/Cdk5rap2/Aven/Ccnb1-ps/Bard1/Rbl1/Tpra1/Pml/Eme1/Ezh2/Mre11a/Rpa2/Rgcc/Nme6/Zfyve19/Bub1b/Cdkn1b/Kntc1/Miip/Angel2/E2f7/Pcid2/Foxn3/Ints3/Ticrr/Bub1/Tex14/Egfr/Spc24/Donson/Mtbp/Knl1/Cdk2ap2/Bcl2/Wee1/Dtl/Ctdsp2/Blm/Rad9a/Chmp4c/Cenpe/Cradd/Cdc6/Fgfr2/Spdl1/Clspn/Esr1/Chek1/Stil/Zwilch/Nuf2/Ier3/Brca1/Rfwd3/Aurkb/Mad2l1/Cdca8/Mad1l1/Ppp2r3d/Ttk/Rpl24/Rpl26/Ndc80/Incenp/Btg1/Pkmyt1/Ccnb1/Rps6/Plk1/Btg2/Birc5/Cdk1/Cdc20
BP	GO:0007051	spindle organization	188	-0.398877127918278	-1.73707148219117	8.37792876033678e-05	0.00453087444579294	0.00423425048157562	4017	tags=31%, list=19%, signal=26%	Rgs14/Ezr/Ccnb1-ps/Limk2/Fsd1/Trim36/Haus5/Tubgcp3/Haus4/Plk2/Ints13/Prickle1/Hnrnpu/Haus8/Tubb1/Ripor2/Ccnb2/Kifc5b/Kif4/Bora/Mapre3/Psrc1/Septin1/Chmp4c/Cenpe/Clasp1/Tbce/Nek2/Kifc1/Haus1/Spag5/Tacc3/Stil/Cep126/Dlgap5/Nuf2/Espl1/Tubb5/Racgap1/Uhrf1/Cenph/Aurkb/Ccsap/Cdca8/Aunip/Aurka/Poc1a/Ndc80/Ccdc69/Incenp/Ccnb1/Aspm/Plk1/Birc5/Stmn1/Knstrn/Prc1/Tpx2/Cdc20
BP	GO:2001251	negative regulation of chromosome organization	97	-0.463846116388593	-1.83802910434019	8.680033615683e-05	0.00463432055520202	0.0043309242569854	4125	tags=39%, list=20%, signal=32%	Mad2l1bp/Lcmt1/Cdk5rap2/Ccnb1-ps/Ten1/Pml/Src/Rtel1/Hnrnpu/Nat10/Bub1b/H3f3b/Kntc1/Pcid2/Bub1/Tex14/Spc24/Xrcc1/Knl1/Cenpe/Mcm2/Spdl1/Zwilch/Nuf2/Tnks2/Aurkb/Mad2l1/Cdca8/Mad1l1/Ttk/Ndc80/Incenp/Ccnb1/Pif1/Plk1/Birc5/Top2a/Cdc20
BP	GO:1901976	regulation of cell cycle checkpoint	46	-0.560788546510955	-1.97845260381533	0.000101953399271867	0.00540420534948358	0.00505040679836796	4174	tags=52%, list=20%, signal=42%	Nek1/Mad2l1bp/Lcmt1/Cdk5rap2/Ccnb1-ps/Bard1/Rpa2/Fbxo4/Pcid2/Knl1/Rnaseh2b/Brca1/Rad51/Rfwd3/Aurkb/Mad2l1/Cdca8/Aurka/Mad1l1/Cry1/Ndc80/Incenp/Ccnb1/Birc5
BP	GO:0071459	protein localization to chromosome, centromeric region	23	-0.672191047063495	-2.03741709836363	0.00011758716514809	0.00619189256477181	0.00578652628491918	2892	tags=52%, list=14%, signal=45%	Bub1b/Kntc1/Jarid2/Mtbp/Knl1/Smc5/Spdl1/Zwilch/Aurkb/Ttk/Cenpa/Cdk1
MF	GO:0051400	BH domain binding	17	-0.709830686903625	-1.99927673213921	0.000127640016525681	0.00667732478608858	0.00624017858569997	1978	tags=47%, list=10%, signal=43%	Dnm1l/Bcl2/Bax/Bcl2a1a/Bik/Bok/Rack1/Bcl2l1
BP	GO:1902570	protein localization to nucleolus	17	0.696675075195779	2.09228623072039	0.000135489578706416	0.00702628628901128	0.00656629453295907	2252	tags=47%, list=11%, signal=42%	Pinx1/Nol8/Nmd3/Nop53/Nvl/Glul/Cdkn2a/Rrs1
BP	GO:0060395	SMAD protein signal transduction	75	0.443804701846742	1.88821939572681	0.000136066263717735	0.00702628628901128	0.00656629453295907	3647	tags=35%, list=18%, signal=29%	Pparg/Acvr2a/Gdf15/Smad2/Tgfbr1/Mapk8/Tob1/Csnk2b/Gdf2/Bmp6/Inhba/Smad7/Smad5/Lgals9/Hipk2/Gdf6/Bmp10/Parp1/Lrp1/Bmp5/Dab2/Becn1/Map1lc3a/Gdf11/Wwtr1/Twsg1
BP	GO:0140694	non-membrane-bounded organelle assembly	391	-0.329591319016938	-1.53435425429211	0.000144161628588566	0.00739660048219799	0.00691236526822101	4658	tags=30%, list=22%, signal=24%	Cds2/Asb2/Kpnb1/Nip7/Golga2/Chek2/Mrps2/Lmod3/Trim37/Mrpl20/Cep97/Map10/Rplp0/Npm1/Prkd1/Bicd1/Krt8/Rpl10/Ezr/Cdk5rap2/Aup1/Tns3/Cep135/Pogz/Cdk2/Lsm4/Haus5/Src/Tubgcp3/Cenpt/Haus4/Plk2/Tnnt2/Prickle1/Hnrnpu/Lmod1/Haus8/Wnk3/Vil1/Patl2/Rpl23a/Kntc1/Tubb1/Neb/Pdgfrb/Ripor2/Ccnb2/Nebl/Kifc5b/Rttn/Casq1/Ngrn/Neurl2/Rpl6/Mapre3/Traf7/Nrap/Zfyve1/C2cd3/Csrp2/Cenpk/Septin1/Chmp4c/Cenpe/Clasp1/Cetn4/Rrp7a/Nek2/mt-Rnr1/Lsm3/Kifc1/Cep152/mt-Rnr2/Haus1/C1qbp/Alms1/Spag5/Rps6-ps4/Stil/Dlgap5/Tubb5/Fau/Racgap1/Rps5/Uhrf1/Cenph/Aurkb/Ccsap/Cdca8/Myl9/Rps14/Aurka/Rps19/Diaph3/Cep44/Rpl11/Rps15/Rps25/Rpl24/Rpl38/Ndc80/Ccdc69/Incenp/Cenpa/Smim22/Rps6/Aspm/Plk1/Rps28/Birc5/Cavin4/Myl2/Rps23/Rpsa/Grb7/Prc1/Tpx2/Cdc20
BP	GO:0006120	mitochondrial electron transport, NADH to ubiquinone	29	-0.630981648976017	-2.01484117029999	0.000158157388122838	0.00806300467856811	0.00753514180355941	3739	tags=59%, list=18%, signal=48%	Ndufs8/Ndufs3/ND6/Ndufa7/Park7/ND1/Ndufb8/Ndufs6/Ndufb6/Ndufb9/Ndufc2/Ndufa10/Dnajc15/ND3/Ndufa8/Ndufv2/Ndufs7
BP	GO:0051231	spindle elongation	12	-0.782596438415522	-2.01032393639162	0.000163289856349912	0.00827197474825755	0.0077304311740338	2060	tags=58%, list=10%, signal=53%	Kif4/Racgap1/Aurkb/Cdca8/Incenp/Birc5/Prc1
BP	GO:0007346	regulation of mitotic cell cycle	473	-0.310998029900751	-1.47217480695706	0.000177267535957336	0.00892358086668249	0.00833937842113756	4393	tags=29%, list=21%, signal=23%	Igf2/Aif1/Msh2/Fancd2/Fzr1/Actb/Prkca/L3mbtl1/Arid2/Mad2l1bp/Lcmt1/Shb/Kmt2e/Cdk5rap2/Id2/Aven/Ccnb1-ps/Bard1/Lmnb1/Cyld/Crebbp/Rbl1/Sra1/Tpra1/Rrm1/Pml/Eme1/Smarcd3/Cdk2/Ezh2/Mre11a/Ints13/Rpa2/Hnrnpu/Phb2/Dapk3/Rgcc/Nme6/Cdc14a/Zfyve19/Bub1b/Cdkn1b/Kntc1/Miip/Pdxp/Angel2/E2f7/Cks1b/Pcid2/Foxn3/Pdgfrb/Ints3/Cdk10/Ticrr/Rpl17/Bub1/Tex14/Igf1/Egfr/Spc24/Bcl7c/Donson/Bora/Mtbp/Knl1/Cdk2ap2/Bcl2/Wee1/Dtl/Ctdsp2/Blm/Ptch1/Rad9a/Chmp4c/Smoc2/Cenpe/Cdc16/Cradd/Cdc6/Dbf4/Fgfr2/Rpa3/Rnaseh2b/Spdl1/Clspn/Esr1/Ubd/Afap1l2/Asns/Chek1/Stil/Dlgap5/Zwilch/Nuf2/Psme1/Ier3/Brca1/Rad51c/Cdkn2d/Cdca5/Stat5b/Rfwd3/Aurkb/Mad2l1/Cdca8/Ttc28/Plcb1/Mad1l1/Sik1/Ube2u/Ppp2r3d/Lsm10/Ttk/Ccnd3/Rpl24/Rpl26/Ndc80/Cks2/Nusap1/Incenp/Btg1/Cdk4/Pkmyt1/Cdca2/Psme2/Ccnb1/Rps6/Smpd3/Ube2c/Plk1/Btg2/Birc5/Cenpf/Rrm2/Cdk1/Mki67/Cdc20
BP	GO:0044242	cellular lipid catabolic process	210	0.317720051875005	1.61701164837835	0.000183317814071256	0.00917047364891459	0.00857010780783123	3158	tags=29%, list=15%, signal=25%	Mgll/Lonp2/Cpt2/Irs1/Crot/Decr1/Lipg/Acadm/Cpt1a/Mtor/Eci2/Acad11/Acot8/Ilvbl/Hsd17b4/Mfsd2a/Fabp1/Acadl/Plin5/Pex7/Hao2/Fgf21/Apob/Acadvl/Etfdh/Hadha/Gcdh/Pex5/Amacr/Slc27a2/Acox3/Pnpla8/Aldh1l2/Asah2/Sesn2/Ces1f/Acaa1b/Scp2/Acer2/Akr1c14/Akr1c20/Auh/Pik3cg/Abcd2/Acads/Hadh/Cnr1/Acaa1a/Napepld/Eci1/Lrp1/Acat1/Gba2/Slc27a4/Akr1c6/Acaa2/Lipc/Cyp26c1/Plcg1/Abhd12/Hadhb
BP	GO:0045787	positive regulation of cell cycle	311	-0.337770964506203	-1.55822336183714	0.000205959210338681	0.0101759106145111	0.00950972156378601	4661	tags=32%, list=22%, signal=25%	Fen1/Ranbp1/Srpk2/Meis2/Chek2/Eif4g3/Igf2/Ncapg2/Nr4a3/Aif1/Map10/Cxcr5/Prkca/Npm1/Mad2l1bp/Shb/Kmt2e/Tbx2/Id2/Ccnb1-ps/Bard1/Smc4/Lmnb1/Prdm9/Crebbp/Rrm1/Smarcd3/Fam83d/Ezh2/Ncapd3/Rad23a/Hnrnpu/Phb2/BC004004/Rgcc/Cdc14a/Tgm1/Smc2/E2f7/Pcid2/Pdgfrb/Sgo2a/Rpl17/Bub1/Igf1/Egfr/Ncaph/Camk2b/Mtbp/Ncapd2/Knl1/Mapre3/Dtl/Psrc1/Smoc2/Cenpe/Cdc16/Pagr1a/Cdc6/Dbf4/Stxbp4/Rps15a/Fgfr2/Smc5/Spag5/Asns/Chek1/Stil/Pim1/Brca1/Rad51c/Cdca5/Racgap1/Gdpd5/Rad51ap1/Stat5b/Aurkb/Mad2l1/Cdca8/Ncapg/Plcb1/Aurka/Mad1l1/Poc1a/Lsm10/Ccnd3/Kcnn4/Kif20b/Ndc80/Nusap1/Incenp/Cdk4/Ccnb1/Smpd3/Ube2c/Birc5/Ect2/Rrm2/Cdk1/Cdc20
CC	GO:0045171	intercellular bridge	92	-0.455971340648948	-1.78991277116238	0.000207345080918165	0.0101815339120797	0.00951497671943483	3765	tags=36%, list=18%, signal=30%	Nudcd2/Sra1/Fam83d/Klhdc8b/Esrra/Tubb4b/Cep55/Ppp1r13l/Tubb1/Tubb2b/Trim45/Tex14/Ngrn/Mical1/Gstm7/Jpt1/Cenpe/Cdc6/Tubb2a/Iqcb1/Gstm1/Gstm6/Gstm2/Tubb5/Cdca8/Ska1/Gstm3/Kif20a/Kif20b/Tubb6/Rfxank/Prc1/Tpx2
MF	GO:0003954	NADH dehydrogenase activity	21	-0.682131837417915	-2.03652939624233	0.000214687028503481	0.0104777742447674	0.00979182300735387	5433	tags=76%, list=26%, signal=56%	ND4/ND2/Ndufs2/Ndufs8/Ndufs3/ND6/Enox1/Ndufa9/ND1/Ndufs4/Ndufa10/Ndufb7/Ndufa2/ND3/Ndufv2/Ndufs7
BP	GO:0051383	kinetochore organization	20	-0.688829764868599	-2.02637131592868	0.000225511335903826	0.0109393498943892	0.0102231805609734	3830	tags=60%, list=18%, signal=49%	Smc4/Pogz/Cenpt/Kntc1/Smc2/Cenpk/Cenpe/Dlgap5/Nuf2/Cenph/Ndc80/Cenpa
BP	GO:0006122	mitochondrial electron transport, ubiquinol to cytochrome c	12	-0.775239553541621	-1.99142566260286	0.000228067210792732	0.0109966864770182	0.0102767634742749	1358	tags=75%, list=7%, signal=70%	CYTB/Uqcrfs1/Uqcc3/Uqcrb/Uqcrq/Uqcrh/Uqcr11/Uqcr10/Cycs
BP	GO:0090068	positive regulation of cell cycle process	236	-0.364675072470977	-1.62722537342453	0.000263277055681361	0.0126183805609199	0.0117922896796203	4661	tags=33%, list=22%, signal=26%	Fen1/Ranbp1/Chek2/Eif4g3/Igf2/Ncapg2/Aif1/Map10/Cxcr5/Npm1/Mad2l1bp/Kmt2e/Tbx2/Ccnb1-ps/Smc4/Lmnb1/Prdm9/Crebbp/Rrm1/Smarcd3/Fam83d/Ezh2/Ncapd3/Hnrnpu/Phb2/Rgcc/Cdc14a/Smc2/E2f7/Pcid2/Pdgfrb/Sgo2a/Rpl17/Bub1/Igf1/Egfr/Ncaph/Camk2b/Mtbp/Ncapd2/Knl1/Dtl/Cenpe/Cdc16/Pagr1a/Cdc6/Dbf4/Stxbp4/Smc5/Spag5/Stil/Rad51c/Cdca5/Racgap1/Rad51ap1/Aurkb/Mad2l1/Cdca8/Ncapg/Plcb1/Aurka/Mad1l1/Poc1a/Lsm10/Ccnd3/Kcnn4/Kif20b/Ndc80/Nusap1/Incenp/Cdk4/Ccnb1/Smpd3/Ube2c/Birc5/Ect2/Rrm2/Cdk1/Cdc20
BP	GO:0060391	positive regulation of SMAD protein signal transduction	37	0.53783006777128	1.96343662269646	0.000282297902988881	0.0134219731036022	0.0125432732152604	2573	tags=35%, list=12%, signal=31%	Pparg/Acvr2a/Tgfbr1/Csnk2b/Gdf2/Bmp6/Inhba/Lgals9/Gdf6/Bmp10/Parp1/Bmp5/Dab2
MF	GO:0016614	oxidoreductase activity, acting on CH-OH group of donors	133	0.358166060979718	1.68051642665737	0.00028339748307206	0.0134219731036022	0.0125432732152604	2881	tags=30%, list=14%, signal=26%	Bdh1/Gpd1/Kdsr/Dhrs4/Rdh9/Adh4/Aldh3a2/Hpgd/Gpd2/Hsd17b4/Rdh13/Sdr9c7/Dhrs1/Sord/Hao2/Hadha/Rdh10/Rdh19/Hsd17b7/Chdh/Rdh7/Cbr3/Hsd17b11/Gfus/Ldha/Hsd11b1/Akr1c14/Dhrs11/Akr1c20/Akr1a1/Gulo/Hadh/Rdh1/Cyp4a14/Akr1c21/Rdh14/Uevld/Akr1c6/Ptgr3/Dhrs7l
BP	GO:1901615	organic hydroxy compound metabolic process	479	0.248728137480946	1.35692068791073	0.000304517899418609	0.0143374192173326	0.0133987875744188	3658	tags=26%, list=18%, signal=22%	Nr1d1/Gpd1/Nr4a2/Sult2a3/Rest/Pfkfb2/Errfi1/Slc16a2/Hmgcs2/Rdh9/Adh4/Aldh3a2/Retsat/Cyp2e1/Sult2a4/Ephx1/Cebpa/Ctns/Mrs2/Arv1/Pank2/Sdr9c7/Acadl/Sord/Aldh1a1/Hao2/Mas1/Ephx2/Apob/Sult2a7/Acadvl/Lima1/Lcat/Sirt1/Plpp3/Pctp/P2ry1/Amacr/Slc27a2/Haghl/Coq3/Vldlr/Rdh10/Hif1a/Sult2a5/Epas1/Rdh19/Cln6/Hsd17b7/Asah2/Rdh7/Ces1f/Serpina12/Sgpp2/Sult2a1/Bmp6/Slc7a11/Nfe2l1/Fkrp/Maob/Maoa/Acaa1b/Plpp1/Ldha/Scp2/Acer2/Akr1c14/Kcnma1/Tyr/Sult2a8/Akr1c20/Tigar/Mecp2/Alg12/Pon1/Chrnb2/Akr1a1/Fgf1/Aldh2/Rdh1/Acaa1a/Napepld/Cyp46a1/Alg10b/Lrp1/Gba2/Akr1c21/Bmp5/Agtr1a/Dab2/Erlin2/Rdh14/Ttpa/Hdc/Akr1c6/Gk5/Nus1/Sult1b1/Dkkl1/Impa2/Dhrs7l/Gc/Cyp11a1/Lipc/Mogat1/Cyp26c1/Plcg1/Cacna1h/Itgam/Dhcr24/Baat/Sult2a2/Ces1c/Abhd4/Fech/Ces1a/Acp3/Hand2/Clcn2/Acox2/Hao1/Enpp1/Rtl4/Ces1e
MF	GO:0008233	peptidase activity	469	0.251479981253555	1.37434891903284	0.00032881842016201	0.0153910095612674	0.0143834022386657	4573	tags=27%, list=22%, signal=22%	Cfd/Pcsk2/Lonp2/Acr/Otud3/Tinagl1/Senp5/Bace1/Casp8/Dpp8/Adamts5/Pamr1/Yme1l1/Usp39/Tpp1/Lmln/Pdia3/Yod1/Ermp1/Ctse/Prepl/Aph1a/Ihh/Adamts1/Atg4a/F3/Lonp1/Hgf/Casp6/Pik3ip1/Cntnap5a/Metap1/Lactb/Pcsk6/Ufsp1/Prpf8/Asrgl1/Abhd17b/C1rl/Usp42/Brcc3/Otud4/Agbl1/Afg3l2/Sprtn/Metap2/Usp40/Pigk/Corin/Scrn1/Adamts12/Otud6b/Parl/Atxn3/Bap1/Kdm8/Mmp2/Pcsk7/Usp9x/Lta4h/Mysm1/Josd1/Rhbdd1/St14/Usp24/Tank/Hp/Pmpcb/Atg4a-ps/Hmces/Lgmn/Rhbdl1/Sec11c/Proz/Capn10/Kel/Psen1/Rnpepl1/Nlrp1a/Usp15/Xpnpep3/Capn1/Cpxm1/Usp22/Adam9/Anpep/Ece1/Hgfac/Ggt1/Pepd/Usp8/Ncstn/Mindy3/Usp5/Myrf/Ctsh/Senp3/Ctso/4930486L24Rik/Sppl2a/Capn2/F9/Capn5/Phex/Adam22/C1s1/C1rb/Ndel1/Trabd2b/Tmprss7/Usp21/Adam15/Lvrn/Npepps/Pitrm1/Cpa3/Vcpip1/Nln/Pm20d1/Psmd7/Casp1/Usp46/Xpnpep1/Htra1/Prep/Usp4/Usp30
BP	GO:0030261	chromosome condensation	33	-0.589090657608149	-1.94651125479714	0.000338865777791844	0.015769079566546	0.0147367210342034	5364	tags=64%, list=26%, signal=47%	Baz1b/H3f3a/H1f0/Ncapg2/Acin1/Smc4/Hmga2/Ncapd3/Mcph1/H3f3b/Smc2/Kdm4a/Ncaph/Ncapd2/Smc5/Cdca5/Ncapg/Nusap1/Ccnb1/Top2a/Cdk1
MF	GO:0004602	glutathione peroxidase activity	26	-0.627221868584477	-1.9591507761644	0.000357143259204614	0.0164285899234122	0.015353055050865	4627	tags=54%, list=22%, signal=42%	Gsta5/Gstt1/Alox5ap/Gstp1/Gpx4/Mgst3/Gstk1/Gstm7/Mgst2/Gstp3/Gsta13/Gsta2/Gpx7/Gsta1
BP	GO:0072662	protein localization to peroxisome	20	0.672912330636454	2.1386901406622	0.000380285872073744	0.0171966560456398	0.0160708379836814	2653	tags=45%, list=13%, signal=39%	Lonp2/Pex26/Pex1/Pex14/Pex7/Pex5/Pex19/Usp9x/Pex3
MF	GO:0015245	fatty acid transmembrane transporter activity	13	0.73899498082118	2.06228033836208	0.000379222261797795	0.0171966560456398	0.0160708379836814	3622	tags=69%, list=17%, signal=57%	Cd36/Mfsd2a/Slc22a29/Slc27a2/Slc22a30/Slc27a4/Slc27a1/Slc22a27/Slc27a6
BP	GO:1902600	proton transmembrane transport	91	-0.447889360115829	-1.75818911802346	0.000395116576436969	0.0177669274033792	0.0166037752345423	4177	tags=37%, list=20%, signal=30%	Slc45a4/Slc9a9/Sphk2/Atp5f1c/Slc45a3/CYTB/Atp5pb/Phb2/Atp6v0e/Ndufa4/Slc9a8/Atp6v1b2/Atp6v0d2/Atp6v1g2/Slc9a5/Tcirg1/Park7/Atp6v1f/Atp5mc3/Rnasek/Atp5pf/Atp5f1d/Cox17/Antkmt/Atp5me/Atp5po/Ppif/Plcb1/Atp5pd/Atp5f1e/Ndufs7/Atp5mf/Atp6v1g1/Atp5mc1
BP	GO:0051225	spindle assembly	123	-0.409381653553867	-1.68227073311889	0.000411029577111144	0.0183792219843441	0.0171759845630802	3449	tags=29%, list=17%, signal=25%	Haus5/Tubgcp3/Haus4/Prickle1/Hnrnpu/Haus8/Tubb1/Ripor2/Ccnb2/Kifc5b/Mapre3/Septin1/Chmp4c/Cenpe/Clasp1/Nek2/Kifc1/Haus1/Spag5/Stil/Tubb5/Racgap1/Uhrf1/Aurkb/Ccsap/Cdca8/Aurka/Ndc80/Ccdc69/Incenp/Aspm/Plk1/Birc5/Prc1/Tpx2/Cdc20
BP	GO:1901991	negative regulation of mitotic cell cycle phase transition	171	-0.379118521650417	-1.636766331186	0.000419211978196881	0.0186409592971546	0.0174205866495148	4125	tags=35%, list=20%, signal=28%	Mad2l1bp/Lcmt1/Cdk5rap2/Aven/Ccnb1-ps/Bard1/Rbl1/Tpra1/Pml/Ezh2/Mre11a/Rpa2/Rgcc/Zfyve19/Bub1b/Kntc1/Miip/E2f7/Pcid2/Foxn3/Ints3/Ticrr/Bub1/Tex14/Spc24/Donson/Knl1/Cdk2ap2/Bcl2/Wee1/Dtl/Ctdsp2/Blm/Chmp4c/Cenpe/Cradd/Cdc6/Spdl1/Clspn/Chek1/Zwilch/Nuf2/Ier3/Brca1/Rfwd3/Aurkb/Mad2l1/Cdca8/Mad1l1/Ppp2r3d/Ttk/Rpl26/Ndc80/Incenp/Pkmyt1/Ccnb1/Plk1/Birc5/Cdk1/Cdc20
MF	GO:1900750	oligopeptide binding	20	-0.673079668955798	-1.9800383259672	0.000424242532827691	0.0187604267002919	0.0175322328483488	2207	tags=50%, list=11%, signal=45%	Lancl1/Gstm7/Gstm1/Gstm6/Mgst2/Gstm2/Gsta13/Gsta2/Gstm3/Gsta1
CC	GO:0051233	spindle midzone	37	-0.584834987099832	-1.98864374266578	0.000426787691653067	0.0187692784834679	0.0175405051294777	2018	tags=41%, list=10%, signal=37%	Camk2b/Mapre3/Cenpe/Cdc6/Kif18b/Racgap1/Aurkb/Cdca8/Ttc28/Aurka/Kif20b/Ccdc69/Incenp/Plk1/Prc1
BP	GO:0019693	ribose phosphate metabolic process	434	-0.306137140088621	-1.43636861566383	0.000485320351102897	0.0212267983072546	0.0198371378483589	2268	tags=20%, list=11%, signal=18%	Ndufa7/Eno1/Gapdhrt/Ndufb2/Igf1/Acly/Prkag2/ND1/Dnm1l/Nudt19/Ndufb8/Pmvk/Sdhb/Ndufa1/Hk1/Atp6-ps/Atp5mc3/Nme4/Fasn/Ndufb1/Prpsap2/Ndufa3/Atp5pf/Ndufb11/Atp5f1d/Aprt/Uqcc3/Ndufs6/Rnaseh2b/Ndufa6/Ndufb6/Zbtb20/Ndufb9/Antkmt/Ndufc2/Dpyd/Ddit4/Atp5me/Uck2/Ier3/Ndufs4/Ndufa10/Pde9a/Rab23/Acss2/Ndufb7/Acaca/Kynu/Mtch2/Ndufab1/Nt5c/Atp5po/Ndufa2/Ndufs5/Ndufb3/Ndufa13/ND3/Ndufb10/Papss2/Gpam/Ndufb5/Mlxipl/Ndufa8/Hint1/Atp5pd/Gale/Acot7/Hmgcr/Atp5f1e/Ndufv2/Acacb/Pfas/Acsl3/Ndufs7/Ndufc1/Ndufa11/Ndufa12/Atp5mf/Nme1/Bcl2l1/Ndufa5/Pfkfb1/Galt/G6pdx/Atp5mc1
BP	GO:0090266	regulation of mitotic cell cycle spindle assembly checkpoint	20	-0.668100585905672	-1.96539106246759	0.000504012844412228	0.0218060476036512	0.0203784652767755	4125	tags=70%, list=20%, signal=56%	Mad2l1bp/Lcmt1/Cdk5rap2/Ccnb1-ps/Pcid2/Knl1/Aurkb/Mad2l1/Cdca8/Mad1l1/Ndc80/Incenp/Ccnb1/Birc5
CC	GO:0034704	calcium channel complex	50	0.48562997577693	1.91459807362484	0.000528660747667855	0.0227494657222232	0.0212601203900836	1711	tags=16%, list=8%, signal=15%	Cacng1/Trdn/Ryr2/Pde4b/Cacng7/Catspere2/Fkbp1b/Cacna1g
BP	GO:1905039	carboxylic acid transmembrane transport	127	0.358996423023668	1.66878159263601	0.000576048193871299	0.0246560948863416	0.023041927754852	3381	tags=34%, list=16%, signal=29%	Slc16a2/Slc23a2/Slc66a1/Slc25a22/Cd36/Myc/Ctns/Slc6a7/Slc38a2/Slc1a2/Slc25a10/Slc6a9/Slc27a2/Slc19a1/Slc38a10/Agt/Thbs1/Slc25a29/Arg2/Slc36a1/Slc25a32/Slc7a11/Sfxn3/Acsl6/Slc3a2/Abcd2/Epm2a/Arl6ip5/Acsl1/Psen1/Slc5a6/Slc27a1/Slc38a1/Lrrc8a/Arl6ip1/Slc17a8/Slc16a9/Slc25a13/Slc38a4/Slc25a18/Slc7a2/Slc16a7/Slc38a3
BP	GO:0055091	phospholipid homeostasis	17	-0.666725272227095	-1.877867987516	0.000620994397329678	0.0259178585456743	0.0242210871966072	1894	tags=47%, list=9%, signal=43%	Rcn3/Apoa1/Tlcd2/Abca1/Abcb11/Gpam/Tlcd1/Fabp3
MF	GO:0015179	L-amino acid transmembrane transporter activity	55	0.462231313455465	1.85381401734994	0.000615076251823702	0.0259178585456743	0.0242210871966072	3381	tags=38%, list=16%, signal=32%	Slc66a1/Slc25a22/Ctns/Slc6a7/Slc38a2/Slc1a2/Slc6a9/Slc38a10/Slc25a29/Slc36a1/Slc7a11/Sfxn3/Slc3a2/Ucp2/Slc38a1/Slc17a8/Slc25a13/Slc38a4/Slc25a18/Slc7a2/Slc38a3
BP	GO:0090307	mitotic spindle assembly	71	-0.457523668490916	-1.73261759431839	0.000621717746223072	0.0259178585456743	0.0242210871966072	2360	tags=24%, list=11%, signal=21%	Ripor2/Kifc5b/Chmp4c/Clasp1/Nek2/Kifc1/Racgap1/Uhrf1/Aurkb/Ccsap/Cdca8/Incenp/Plk1/Birc5/Prc1/Tpx2/Cdc20
CC	GO:0016323	basolateral plasma membrane	243	0.292928576959195	1.50570290709102	0.00066500364155371	0.0274365419948242	0.0256403465918647	3874	tags=30%, list=19%, signal=24%	Slc22a5/P2ry2/Slc23a2/Stx2/Hpgd/Slc22a22/Flot2/Slc2a9/Slc2a2/Slc39a14/Slco5a1/Aqp1/Slco1b2/Slc4a4/Slc22a29/Arrb1/Tgfbr1/Kcnq1/Slc6a9/Slc4a1/Slc4a7/Mpz/Plpp3/Aqp9/Dstyk/P2ry1/Slc22a30/Slc19a1/Car11/Slc40a1/Cd300lg/Slc26a10/Tshr/Slco1a7/Akap5/Slc22a1/Slc3a2/Ceacam1/St14/Cdh2/Lrp1/Slc9b2/Slc4a11/Cadm1/Agtr1a/Cask/Atp1a1/Cd81/Alpk2/Slc38a1/Dag1/Tek/Adora1/Cnnm4/Adam9/Slc22a27/Slc31a1/Slc10a1/Dlg1/Slc8a1/Atp2b4/Slc16a7/Slc38a3/Slc4a10/Epcam/Nkd2/Aqp4/Atp2b1/Tgfa/Slc30a1/Vangl2/Adcy8
MF	GO:0046933	proton-transporting ATP synthase activity, rotational mechanism	16	-0.713699191385893	-1.98548789818194	0.000674797738799168	0.0276978518017874	0.0258845491600912	3902	tags=69%, list=19%, signal=56%	Atp5f1c/Atp5pb/ATP6/Atp6-ps/Atp5pf/Atp5f1d/Atp5me/Atp5po/Atp5pd/Atp5f1e/Atp5mf
MF	GO:0009055	electron transfer activity	48	-0.534305330896475	-1.91469668037071	0.000679153243993667	0.0277344008414557	0.025918705434044	5433	tags=62%, list=26%, signal=46%	ND4/Etfb/ND2/COX1/Cyc1/Ndufs2/Ndufs8/CYTB/Ndufs3/Uqcrfs1/Sdhc/Cox4i2/ND6/Nqo2/Cox7a1/ND1/Sdhb/COX3/Cox5a/COX2/Fdx2/Fdx1/Ndufs4/Ndufa10/Ndufb7/Ndufa2/ND3/Uqcrh/Ndufv2/Ndufs7
BP	GO:0016236	macroautophagy	268	0.288696594676081	1.50418140183733	0.000687779072601697	0.0279440796807309	0.0261146571728969	3251	tags=24%, list=16%, signal=20%	Map3k7/Optn/Wac/Mtor/Yod1/Stx17/Atg4a/Sirt1/Pex5/Traf6/Fyco1/Hif1a/Tex264/Rufy4/Rab12/Acbd5/Trp53inp2/Sesn2/Vps4a/Lzts1/Gsk3a/Lamp2/Rab43/Bnip3/Clec16a/Stx12/Snap29/Synpo2/Parl/Mtm1/Sting1/Pafah1b2/Plaa/Rab7/Tigar/Tbk1/Efnb1/Retreg3/Ei24/Phf23/Atg2b/Epm2a/Wipi1/Atg4a-ps/Stbd1/Ripk2/Poldip2/Wipi2/Mfsd8/Psen1/Rab1b/Becn1/Vti1a/Rb1cc1/Kdr/Atg7/Ulk2/Snx30/Ufl1/Snx7/Map1lc3a/Atp6v0a1/Rab3gap1
BP	GO:0044772	mitotic cell cycle phase transition	415	-0.310432081636635	-1.45109278481093	0.00069826470562549	0.0282268217364971	0.0263788888791852	4364	tags=30%, list=21%, signal=24%	Aif1/Abcb1a/Fzr1/Actb/Ccnf/Usp29/Arid2/Mad2l1bp/Lcmt1/Kmt2e/Cdk5rap2/Id2/Aven/Ccnb1-ps/Bard1/Lmnb1/Crebbp/Rbl1/Tpra1/Rrm1/Pml/Nfia/Smarcd3/Cdk2/Plk2/Ezh2/Mre11a/Rpa2/Phb2/Rgcc/Cdc14a/Zfyve19/Bub1b/Cdkn1b/Kntc1/Miip/E2f7/Cks1b/Pcid2/Foxn3/Ppp3ca/Ints3/Ccng2/Ccnb2/Ticrr/Rpl17/Bub1/Tex14/Egfr/Spc24/Nfib/Bcl7c/Donson/Camk2b/Mtbp/Knl1/Cdk2ap2/Bcl2/Wee1/Dtl/Ctdsp2/Blm/Arpp19/Chmp4c/Cenpe/Clasp1/Cdc16/Cradd/Taf10/Cdc6/Dbf4/Smc5/Fbxl7/Rnaseh2b/Spdl1/Clspn/Ubd/Tcf19/Tacc3/Chek1/Stil/Zwilch/Nuf2/Ube2s/Psme1/Fbxl15/Ier3/Brca1/Rad51c/Foxm1/Cdkn2d/Cdca5/Rfwd3/Aurkb/Mad2l1/Cdca8/Pole/Plcb1/Mad1l1/Ube2u/Ppp2r3d/Lsm10/Ttk/Ccnd3/Rpl24/Rpl26/Ndc80/Cks2/Incenp/Cdk4/Pkmyt1/Psme2/Ccnb1/Rps6/Ube2c/Plk1/Birc5/Iqgap3/Cenpf/Ccna2/Rrm2/Cdk1/Cdc20
BP	GO:0034508	centromere complex assembly	27	-0.593188445071685	-1.85754076302684	0.000715878549695022	0.028793426692256	0.0269083997573807	3665	tags=48%, list=18%, signal=40%	Pogz/Cenpt/Itgb3bp/Cenpi/H3f3b/Kntc1/Hjurp/Cenpk/Cenpe/Dlgap5/Cenph/Cenpa/Oip5
CC	GO:0033177	proton-transporting two-sector ATPase complex, proton-transporting domain	21	-0.652541198186362	-1.94818546719077	0.000728821048800835	0.0290242575318123	0.0271241187328781	3464	tags=48%, list=17%, signal=40%	Atp5pb/Atp6v0e/Atp6v0d2/Atp5mc3/Atp5pf/Atp5me/Atp5po/Atp5pd/Atp5mf/Atp5mc1
MF	GO:0051219	phosphoprotein binding	106	0.370563521574804	1.66718447630547	0.000747088241761924	0.0294566221037559	0.0275281775782226	4243	tags=32%, list=20%, signal=26%	Irs1/Mtor/Dpysl4/Crk/She/Mid2/Dpys/Ms4a2/Arrb1/Stap1/Sag/Cbl/Pkd2/Ptpn6/Pik3r1/Cbx4/Tbk1/Pik3r3/Grap/Igf2r/Nedd4/Sh3bp2/Plcg1/Pik3r2/Socs3/Scaf4/Rb1/Cav2/Zap70/Pafah1b1/Tbl2/Mapk1/Pde3b/Sla
BP	GO:0071407	cellular response to organic cyclic compound	414	0.250833706127739	1.35589985145761	0.000775323991487752	0.03042006484249	0.0284285463545509	4131	tags=29%, list=20%, signal=24%	Ryr2/Pparg/Klf9/Ugt3a1/Gpd1/Zfp703/Calr/Rest/Errfi1/Pde12/Gna11/Sgk1/Gabrb2/Per1/Cebpa/Riok3/Slc1a2/Slc2a2/Ubr5/Pdia3/Aqp1/Esrrg/Ugt3a2/Ppargc1b/Kcnq1/Rgs9/Sirt1/Id3/Rxra/P2ry1/Rapgef1/Rae1/Casp6/Slc6a4/Dnm2/Klf16/Rgs8/Ar/Ces1f/Pkd2/Gsk3a/Esr2/Smo/Inhba/P2ry12/Yap1/Nfe2l1/Smad5/Alk/Ddx17/Slc26a3/Mmp2/Ncor1/Zfp747/Sting1/Abcb4/Cdc5l/Akr1c14/Adcy6/Akr1c20/Pde2a/Pik3cg/Mecp2/Tmf1/Pak4/Fam210b/Gna14/Gnal/Arl6ip5/Rap1b/Ppp1r9b/Slc8a3/Parp1/Agtr1a/Dab2/Folr2/Dnaja1/Atp1a1/Hsp90b1/Inhbb/Spp1/Akr1c6/Dhx9/Stat5a/Dag1/Rock2/Lcor/Npr2/Nedd4/Ufl1/Zdhhc7/Ssh1/Slc8a1/Ces1c/Cav2/Snw1/Ncstn/Ces1a/Golph3/Cdc5lrt9/Ces1e/Arpc2/Lats1/Taf7/Adcy5/Dmtn/Gabrb3/Tcf21/Rapgef3/Arid1a/Vps35/Adcy8/Ces1g/P2rx3/Cry2/Ctnna1/Slc39a9/Bmp4/Mapk1
BP	GO:0030071	regulation of mitotic metaphase/anaphase transition	87	-0.444069141286043	-1.73416994253278	0.000821116921327381	0.0320596089673383	0.0299607540074576	4583	tags=41%, list=22%, signal=32%	Smarca2/Arid1b/Actb/Arid2/Mad2l1bp/Lcmt1/Cdk5rap2/Ccnb1-ps/Smarcd3/Bub1b/Kntc1/Pcid2/Bub1/Tex14/Spc24/Bcl7c/Knl1/Cenpe/Cdc16/Cdc6/Spdl1/Zwilch/Nuf2/Aurkb/Mad2l1/Cdca8/Mad1l1/Ube2u/Ttk/Ndc80/Incenp/Ccnb1/Ube2c/Plk1/Birc5/Cdc20
CC	GO:0034663	endoplasmic reticulum chaperone complex	11	0.749093108609811	1.99007431979889	0.000837022627067554	0.0325219859565471	0.030392860439152	3517	tags=82%, list=17%, signal=68%	Pdia6/Dnajb11/Hyou1/Hspa5/P4hb/Pdia4/Dnajc10/Hsp90b1/Sdf2l1
BP	GO:0033865	nucleoside bisphosphate metabolic process	109	0.361313432945616	1.64389152681095	0.000867681794300894	0.0330710718170684	0.0309059991493842	3282	tags=34%, list=16%, signal=29%	Sult2a3/Hmgcs2/Hmgcl/Crot/Sult2a4/Acsm5/Vnn1/Pank1/Acot8/Hsd17b4/Pank2/Acot3/Acot4/Fitm2/Sult2a7/Gcdh/Slc25a16/Sult2a5/Pank3/Acot1/Slc25a42/Acot9/Sult2a1/Acsl6/Pdhx/Dld/Acsm1/Sult2a8/Pipox/Acsl1/Acat1/Acaa2/Sult1b1/Hnf4a/Acsm3/Baat/Sult2a2
BP	GO:1901987	regulation of cell cycle phase transition	417	-0.309693086539514	-1.4472835887131	0.000860170232912758	0.0330710718170684	0.0309059991493842	4364	tags=29%, list=21%, signal=23%	Aif1/Gnb1l/Msh2/Fancd2/Fzr1/Actb/Nek1/Npm1/Arid2/Mad2l1bp/Lcmt1/Kmt2e/Cdk5rap2/Tbx2/Id2/Aven/Ccnb1-ps/Bard1/Tcim/Lmnb1/Crebbp/Rbl1/Tpra1/Rrm1/Pml/Atf5/Eme1/Smarcd3/Cdk2/Fam83d/Ezh2/Mre11a/Rpa2/Phb2/Rgcc/Atr/Cdc14a/Zfyve19/Bub1b/Cdkn1b/Kntc1/Miip/E2f7/Fbxo4/Ing4/Pcid2/Foxn3/Eif2ak4/Ints3/Cdk10/Ticrr/Rpl17/Bub1/Tex14/Egfr/Spc24/Bcl7c/Donson/Mtbp/Knl1/Cdk2ap2/Bcl2/Wee1/Dtl/Ctdsp2/Blm/Rad9a/Chmp4c/Cenpe/Cdc16/Cradd/Pagr1a/Cdc6/Dbf4/Stxbp4/Rnaseh2b/Spdl1/Clspn/Ubd/Chek1/Stil/Zwilch/Nuf2/Psme1/Ier3/Brca1/Rad51c/Rad51/Cdkn2d/Cdca5/Timeless/Rfwd3/Aurkb/Mad2l1/Cdca8/Plcb1/Aurka/Mad1l1/Diaph3/Ube2u/Ppp2r3d/Lsm10/Ttk/Ccnd3/Rpl24/Rpl26/Cry1/Ndc80/Incenp/Cdk4/Pkmyt1/Psme2/Ccnb1/Rps6/Ube2c/Plk1/Birc5/Cenpf/Rrm2/Cdk1/Cdc20
BP	GO:0090267	positive regulation of mitotic cell cycle spindle assembly checkpoint	12	-0.743217440662256	-1.9091676598121	0.000921300914295158	0.0349483057725993	0.0326603357295156	794	tags=67%, list=4%, signal=64%	Pcid2/Aurkb/Mad2l1/Cdca8/Mad1l1/Ndc80/Incenp/Birc5
MF	GO:0016684	oxidoreductase activity, acting on peroxide as acceptor	51	-0.490097744023619	-1.76293987060495	0.000980799797369128	0.0366837456922547	0.0342821611416873	5081	tags=45%, list=24%, signal=34%	Prdx4/Txnrd1/Gsta5/Gstt1/Alox5ap/Gstp1/Gpx4/Mgst3/Gstk1/Prxl2b/Prdx2/Park7/Gstm7/Sesn3/Mgst2/Gstp3/Prdx5/Gsta13/Gsta2/Sesn1/Gpx7/Mb/Gsta1
CC	GO:0072687	meiotic spindle	16	-0.703455034116214	-1.95698898641139	0.00100772814179954	0.0373419261433497	0.034897252317873	2998	tags=44%, list=14%, signal=37%	Rsph1/Bora/Septin1/Aurka/Incenp/Aspm/Cpeb1
BP	GO:1904507	positive regulation of telomere maintenance in response to DNA damage	15	0.680522063248234	1.97471304942764	0.00102485280788349	0.0378014832917024	0.0353267235159837	2225	tags=40%, list=11%, signal=36%	Actl6a/Yy1/Tfpt/Ino80/Ino80e/Ino80d
MF	GO:0015081	sodium ion transmembrane transporter activity	122	0.354484620530888	1.63498660842792	0.00103988489175185	0.038179993915513	0.0356804540839626	3387	tags=31%, list=16%, signal=26%	Slc23a2/Cpox/Gria2/Slc6a7/Slc38a2/Slc1a2/Mfsd2a/Chp1/Slc4a4/Slc6a9/Slc9a6/Slc4a7/Grik5/Slc6a4/Pkd2/Scn3b/Cacna1g/Slc22a1/Slc20a1/Slc8a3/Slc9b2/Slc4a11/Kcnk1/Slc13a4/Slc5a2/Slc5a6/Atp1a1/Slc38a1/Slc18a2/Cnnm4/Slc17a8/Cacna1h/Slc10a1/Slc38a4/Slc8a1/Slc28a3/Slc38a3/Slc4a10
BP	GO:0016241	regulation of macroautophagy	123	0.343979989083194	1.58727503587376	0.00107990218948579	0.039468206048604	0.0368843304901996	3376	tags=26%, list=16%, signal=22%	Map3k7/Optn/Wac/Mtor/Sirt1/Fyco1/Hif1a/Rufy4/Rab12/Sesn2/Lzts1/Gsk3a/Bnip3/Clec16a/Parl/Mtm1/Sting1/Pafah1b2/Tigar/Tbk1/Phf23/Epm2a/Wipi1/Ripk2/Poldip2/Becn1/Kdr/Snx30/Snx7/Atp6v0a1/Rab3gap1/Fez2
BP	GO:0003333	amino acid transmembrane transport	84	0.386344575974693	1.66256816838234	0.00110184769944991	0.0400872226654413	0.0374628217812969	3381	tags=33%, list=16%, signal=28%	Slc16a2/Slc66a1/Slc25a22/Ctns/Slc6a7/Slc38a2/Slc1a2/Slc6a9/Slc38a10/Agt/Slc25a29/Arg2/Slc36a1/Slc7a11/Sfxn3/Slc3a2/Epm2a/Arl6ip5/Psen1/Slc38a1/Lrrc8a/Arl6ip1/Slc17a8/Slc25a13/Slc38a4/Slc25a18/Slc7a2/Slc38a3
MF	GO:1990948	ubiquitin ligase inhibitor activity	10	-0.769870267870998	-1.87092495445074	0.00115926353946559	0.0419852731668895	0.0392366121049892	1207	tags=60%, list=6%, signal=57%	Rpl37rt/Rpl11/Rps15/Rpl37/Rpl23/Rps20
MF	GO:0008236	serine-type peptidase activity	123	0.341352636459956	1.57515127472005	0.00123540499635293	0.044541358517157	0.0416253575347744	2395	tags=20%, list=12%, signal=17%	Cfd/Pcsk2/Lonp2/Acr/Dpp8/Pamr1/Tpp1/Prepl/F3/Lonp1/Hgf/Pcsk6/Abhd17b/C1rl/Corin/Parl/Mmp2/Pcsk7/Rhbdd1/St14/Hp/Rhbdl1/Sec11c/Proz
BP	GO:0042541	hemoglobin biosynthetic process	14	0.707289961636621	2.0273464745984	0.00131471288311285	0.0471881700288576	0.0440988895322157	3390	tags=57%, list=16%, signal=48%	Alas1/Klf4/Slc6a9/Hif1a/Eif2ak1/Inhba/Alas2/Fech
CC	GO:1990351	transporter complex	337	-0.318490100768643	-1.47055013313296	0.0013300949818669	0.047527143905637	0.0444156717159126	3739	tags=27%, list=18%, signal=23%	Ndufs8/Timm8a1/Dlg4/CYTB/Ndufs3/Sumo1/Cngb1/Timm10b/Tmem37/Scn8a/Uqcrfs1/Catsper2/Cacna1c/Atp6v0e/Pkd1l3/Timm10/Pacc1/Ndufv3/Ndufa4/Ndufab1-ps/ND6/Kcnd2/Kcna2/Ndufa9/S100a9/Cacnb2/Grin2d/Ndufa7/Ndufb2/Atp10b/Dmac1/Gabrp/Trpc1/Scn2a/Grin2b/ND1/Best1/Atp6v1f/Scn5a/Ndufb8/Ryr1/Ndufa1/Kcnk13/Atp5mc3/Cacna1d/Lrrc8b/Ndufb1/Ndufa3/Kcnq5/Ndufb11/Uqcc3/Ndufs6/Porcn/Ndufa6/Smdt1/Ndufb6/Timm13/Ndufb9/Ndufc2/Uqcrb/Kcnj2/Ndufs4/Ndufa10/Ndufb7/Ndufab1/Ndufa2/Ndufs5/Ndufb3/Ndufa13/Kcnu1/ND3/Ndufb10/Uqcrq/Ndufb5/Pln/Ndufa8/Uqcrh/Atp10d/Kcnd1/Ndufv2/Ndufs7/Kcnip1/Ndufc1/Ndufa11/Ndufa12/Uqcr11/Uqcr10/Ndufa5/Slc2a1/Atp6v1g1/Chrna4/Atp5mc1
BP	GO:0006413	translational initiation	106	0.36019214584266	1.62052311971786	0.0014041577616909	0.0499505721092175	0.0466804446997685	3390	tags=35%, list=16%, signal=29%	Eif4g1/Pdik1l/Eif4b/Mtor/Dhx29/Eif2b5/Alkbh1/Ddx3x/Eif5/Eif3d/Rxra/Stk35/Eif3l/Eif2ak1/Dnajc3/Ago2/LTO1/Eif3c/Uhmk1/Eif3m/Abcf1/Mtif3/Tpr/Khdrbs1/Eif4e2/Fmr1/Eif1ad/Eif2s1/Eif3a/Paip2b/Nck1/Dhx33/Eif2s2/Abce1/Mcts1/Eif4ebp2/Fech
